Datetime,DEOK_MW
2012-01-01,2629.913043478261
2012-01-02,3179.875
2012-01-03,3503.375
2012-01-04,3470.5416666666665
2012-01-05,3210.125
2012-01-06,2978.4166666666665
2012-01-07,2701.0833333333335
2012-01-08,2766.9166666666665
2012-01-09,3010.6666666666665
2012-01-10,3039.1666666666665
2012-01-11,3070.1666666666665
2012-01-12,3165.25
2012-01-13,3756.8333333333335
2012-01-14,3318.7083333333335
2012-01-15,3155.0833333333335
2012-01-16,3249.75
2012-01-17,2995.0
2012-01-18,3321.5416666666665
2012-01-19,3447.7083333333335
2012-01-20,3622.5416666666665
2012-01-21,3400.9583333333335
2012-01-22,3171.375
2012-01-23,3031.5416666666665
2012-01-24,3253.25
2012-01-25,3349.125
2012-01-26,3206.0
2012-01-27,3193.125
2012-01-28,2959.5
2012-01-29,2986.9166666666665
2012-01-30,3175.8333333333335
2012-01-31,2938.9166666666665
2012-02-01,2830.75
2012-02-02,2866.5
2012-02-03,2982.5416666666665
2012-02-04,2834.2916666666665
2012-02-05,2721.4583333333335
2012-02-06,3091.75
2012-02-07,3216.5
2012-02-08,3271.4166666666665
2012-02-09,3292.4166666666665
2012-02-10,3299.4583333333335
2012-02-11,3331.4166666666665
2012-02-12,3251.2083333333335
2012-02-13,3401.9583333333335
2012-02-14,3313.7083333333335
2012-02-15,3117.9166666666665
2012-02-16,3045.9166666666665
2012-02-17,3002.0416666666665
2012-02-18,2829.7916666666665
2012-02-19,2935.5416666666665
2012-02-20,3199.5833333333335
2012-02-21,3102.1666666666665
2012-02-22,2930.5416666666665
2012-02-23,2936.4583333333335
2012-02-24,3035.125
2012-02-25,3050.625
2012-02-26,2910.4583333333335
2012-02-27,2930.4583333333335
2012-02-28,2966.5833333333335
2012-02-29,2820.2083333333335
2012-03-01,2837.5416666666665
2012-03-02,2914.5416666666665
2012-03-03,2800.0416666666665
2012-03-04,2909.4583333333335
2012-03-05,3213.125
2012-03-06,3085.7916666666665
2012-03-07,2797.875
2012-03-08,2818.25
2012-03-09,2916.8333333333335
2012-03-10,2736.2083333333335
2012-03-11,2560.6521739130435
2012-03-12,2730.8333333333335
2012-03-13,2706.5416666666665
2012-03-14,2718.2916666666665
2012-03-15,2775.5
2012-03-16,2686.4583333333335
2012-03-17,2477.0
2012-03-18,2445.25
2012-03-19,2878.375
2012-03-20,2978.25
2012-03-21,3069.0
2012-03-22,3075.25
2012-03-23,2808.375
2012-03-24,2385.5833333333335
2012-03-25,2299.625
2012-03-26,2593.6666666666665
2012-03-27,2709.25
2012-03-28,2714.2083333333335
2012-03-29,2656.9166666666665
2012-03-30,2676.125
2012-03-31,2408.25
2012-04-01,2404.0416666666665
2012-04-02,2611.4583333333335
2012-04-03,2748.875
2012-04-04,2744.7083333333335
2012-04-05,2587.5
2012-04-06,2517.0
2012-04-07,2366.9166666666665
2012-04-08,2200.2916666666665
2012-04-09,2556.2916666666665
2012-04-10,2657.625
2012-04-11,2815.7916666666665
2012-04-12,2788.0833333333335
2012-04-13,2689.125
2012-04-14,2473.9166666666665
2012-04-15,2421.875
2012-04-16,2778.7916666666665
2012-04-17,2645.0833333333335
2012-04-18,2678.7916666666665
2012-04-19,2722.125
2012-04-20,2666.875
2012-04-21,2409.0833333333335
2012-04-22,2448.875
2012-04-23,2707.4166666666665
2012-04-24,2709.5416666666665
2012-04-25,2710.2916666666665
2012-04-26,2713.375
2012-04-27,2621.1666666666665
2012-04-28,2510.2916666666665
2012-04-29,2416.0833333333335
2012-04-30,2820.4166666666665
2012-05-01,2893.75
2012-05-02,3180.4166666666665
2012-05-03,3416.4166666666665
2012-05-04,3211.375
2012-05-05,2839.0
2012-05-06,2813.9166666666665
2012-05-07,3254.25
2012-05-08,2963.4166666666665
2012-05-09,2754.0
2012-05-10,2668.7083333333335
2012-05-11,2658.3333333333335
2012-05-12,2465.7916666666665
2012-05-13,2418.6666666666665
2012-05-14,2791.375
2012-05-15,2919.0833333333335
2012-05-16,2968.625
2012-05-17,2763.1666666666665
2012-05-18,2798.0416666666665
2012-05-19,2824.9166666666665
2012-05-20,3005.4583333333335
2012-05-21,3271.0
2012-05-22,2954.2083333333335
2012-05-23,3087.875
2012-05-24,3316.25
2012-05-25,3495.5416666666665
2012-05-26,3476.0833333333335
2012-05-27,3487.25
2012-05-28,3615.8333333333335
2012-05-29,3518.6666666666665
2012-05-30,3344.0
2012-05-31,3111.4166666666665
2012-06-01,2827.0
2012-06-02,2445.6666666666665
2012-06-03,2544.1666666666665
2012-06-04,3062.875
2012-06-05,2829.9166666666665
2012-06-06,2847.9583333333335
2012-06-07,3008.0
2012-06-08,3151.4166666666665
2012-06-09,3061.8333333333335
2012-06-10,3141.0416666666665
2012-06-11,3388.5
2012-06-12,3577.0
2012-06-13,3152.9166666666665
2012-06-14,3106.6666666666665
2012-06-15,3425.5416666666665
2012-06-16,3516.5416666666665
2012-06-17,3284.7916666666665
2012-06-18,3755.7916666666665
2012-06-19,3912.875
2012-06-20,4007.2083333333335
2012-06-21,4069.25
2012-06-22,3780.6666666666665
2012-06-23,3341.8333333333335
2012-06-24,3452.4583333333335
2012-06-25,3683.75
2012-06-26,3144.8333333333335
2012-06-27,3405.5416666666665
2012-06-28,4013.6666666666665
2012-06-29,4113.0
2012-06-30,3525.0416666666665
2012-07-01,3563.375
2012-07-02,3800.625
2012-07-03,4114.458333333333
2012-07-04,4011.0
2012-07-05,4343.666666666667
2012-07-06,4344.125
2012-07-07,4380.791666666667
2012-07-08,4127.208333333333
2012-07-09,3886.0833333333335
2012-07-10,3836.8333333333335
2012-07-11,3899.0833333333335
2012-07-12,3893.6666666666665
2012-07-13,3700.4166666666665
2012-07-14,3355.8333333333335
2012-07-15,3396.875
2012-07-16,4130.208333333333
2012-07-17,4427.125
2012-07-18,4085.375
2012-07-19,3675.0
2012-07-20,3497.0416666666665
2012-07-21,3161.2916666666665
2012-07-22,3428.75
2012-07-23,4136.166666666667
2012-07-24,4026.1666666666665
2012-07-25,4139.791666666667
2012-07-26,4391.291666666667
2012-07-27,3947.9166666666665
2012-07-28,3188.1666666666665
2012-07-29,3211.0833333333335
2012-07-30,3725.3333333333335
2012-07-31,3841.25
2012-08-01,3997.4166666666665
2012-08-02,4007.625
2012-08-03,3846.875
2012-08-04,3839.4583333333335
2012-08-05,3685.25
2012-08-06,3660.875
2012-08-07,3752.4166666666665
2012-08-08,4098.708333333333
2012-08-09,3823.4583333333335
2012-08-10,3238.25
2012-08-11,2716.5833333333335
2012-08-12,2794.125
2012-08-13,3241.9583333333335
2012-08-14,3274.5416666666665
2012-08-15,3449.4583333333335
2012-08-16,3569.5833333333335
2012-08-17,3360.4583333333335
2012-08-18,2888.625
2012-08-19,2832.6666666666665
2012-08-20,3082.0833333333335
2012-08-21,3147.5
2012-08-22,3239.5833333333335
2012-08-23,3411.4166666666665
2012-08-24,3579.0
2012-08-25,3530.375
2012-08-26,3516.6666666666665
2012-08-27,3738.0833333333335
2012-08-28,3655.2916666666665
2012-08-29,3525.75
2012-08-30,3504.9166666666665
2012-08-31,3746.1666666666665
2012-09-01,3623.3333333333335
2012-09-02,3304.75
2012-09-03,3065.7916666666665
2012-09-04,3660.125
2012-09-05,3731.7083333333335
2012-09-06,3538.0416666666665
2012-09-07,3692.875
2012-09-08,2889.125
2012-09-09,2575.5833333333335
2012-09-10,2886.4583333333335
2012-09-11,2919.875
2012-09-12,3051.5833333333335
2012-09-13,3307.9166666666665
2012-09-14,2938.7916666666665
2012-09-15,2470.9583333333335
2012-09-16,2490.75
2012-09-17,2848.3333333333335
2012-09-18,2830.4166666666665
2012-09-19,2631.9166666666665
2012-09-20,2671.8333333333335
2012-09-21,2653.2083333333335
2012-09-22,2455.9166666666665
2012-09-23,2287.0416666666665
2012-09-24,2582.5
2012-09-25,2659.7916666666665
2012-09-26,2779.9166666666665
2012-09-27,2844.9583333333335
2012-09-28,2690.4166666666665
2012-09-29,2456.125
2012-09-30,2348.0833333333335
2012-10-01,2604.2916666666665
2012-10-02,2731.25
2012-10-03,2765.6666666666665
2012-10-04,2803.4166666666665
2012-10-05,2760.4583333333335
2012-10-06,2343.2916666666665
2012-10-07,2357.125
2012-10-08,2766.2083333333335
2012-10-09,2726.1666666666665
2012-10-10,2739.625
2012-10-11,2839.0416666666665
2012-10-12,2663.8333333333335
2012-10-13,2458.5
2012-10-14,2353.8333333333335
2012-10-15,2616.625
2012-10-16,2687.4583333333335
2012-10-17,2713.125
2012-10-18,2671.375
2012-10-19,2691.25
2012-10-20,2513.6666666666665
2012-10-21,2442.6666666666665
2012-10-22,2730.2083333333335
2012-10-23,2785.7083333333335
2012-10-24,2864.125
2012-10-25,2810.125
2012-10-26,2665.375
2012-10-27,2523.0
2012-10-28,2487.5
2012-10-29,2935.4166666666665
2012-10-30,3044.9166666666665
2012-10-31,3014.5
2012-11-01,2946.2916666666665
2012-11-02,2817.7083333333335
2012-11-03,2799.2083333333335
2012-11-04,2675.304347826087
2012-11-05,2997.7916666666665
2012-11-06,3003.1666666666665
2012-11-07,2908.7083333333335
2012-11-08,2924.375
2012-11-09,2867.125
2012-11-10,2479.5833333333335
2012-11-11,2320.6666666666665
2012-11-12,2777.5
2012-11-13,3045.5833333333335
2012-11-14,3133.25
2012-11-15,3107.7083333333335
2012-11-16,3024.75
2012-11-17,2763.75
2012-11-18,2672.9583333333335
2012-11-19,2917.4166666666665
2012-11-20,2857.0833333333335
2012-11-21,2748.2083333333335
2012-11-22,2381.0
2012-11-23,2444.875
2012-11-24,2838.7916666666665
2012-11-25,2847.25
2012-11-26,2978.7916666666665
2012-11-27,3084.3333333333335
2012-11-28,3216.5833333333335
2012-11-29,3231.875
2012-11-30,3016.4166666666665
2012-12-01,2682.0
2012-12-02,2607.7916666666665
2012-12-03,2818.4166666666665
2012-12-04,2804.5833333333335
2012-12-05,2963.9166666666665
2012-12-06,3116.375
2012-12-07,2915.0
2012-12-08,2650.5
2012-12-09,2614.7916666666665
2012-12-10,3007.0416666666665
2012-12-11,3315.6666666666665
2012-12-12,3359.25
2012-12-13,3323.4166666666665
2012-12-14,3177.125
2012-12-15,2869.8333333333335
2012-12-16,2599.375
2012-12-17,2948.6666666666665
2012-12-18,3113.3333333333335
2012-12-19,3114.0416666666665
2012-12-20,3134.0833333333335
2012-12-21,3462.0416666666665
2012-12-22,3129.4166666666665
2012-12-23,2906.7083333333335
2012-12-24,2837.7916666666665
2012-12-25,2802.9166666666665
2012-12-26,3231.875
2012-12-27,3296.0416666666665
2012-12-28,3242.0
2012-12-29,3106.125
2012-12-30,3068.7916666666665
2012-12-31,3148.0416666666665
2013-01-01,2955.4583333333335
2013-01-02,3354.2916666666665
2013-01-03,3444.625
2013-01-04,3263.7916666666665
2013-01-05,3094.9583333333335
2013-01-06,2960.7916666666665
2013-01-07,3267.75
2013-01-08,3220.0833333333335
2013-01-09,3033.8333333333335
2013-01-10,3231.2083333333335
2013-01-11,2878.375
2013-01-12,2592.375
2013-01-13,2528.5833333333335
2013-01-14,3293.625
2013-01-15,3443.7916666666665
2013-01-16,3352.75
2013-01-17,3258.625
2013-01-18,3313.4583333333335
2013-01-19,2848.875
2013-01-20,2836.25
2013-01-21,3488.5833333333335
2013-01-22,3890.5833333333335
2013-01-23,3853.0833333333335
2013-01-24,3737.4583333333335
2013-01-25,3693.0
2013-01-26,3316.7083333333335
2013-01-27,3252.5416666666665
2013-01-28,3142.75
2013-01-29,2859.875
2013-01-30,2872.0
2013-01-31,3458.25
2013-02-01,3810.6666666666665
2013-02-02,3476.7916666666665
2013-02-03,3309.1666666666665
2013-02-04,3595.875
2013-02-05,3345.9583333333335
2013-02-06,3304.75
2013-02-07,3119.0
2013-02-08,3135.2083333333335
2013-02-09,3043.6666666666665
2013-02-10,2910.875
2013-02-11,2947.9583333333335
2013-02-12,3058.5
2013-02-13,3278.25
2013-02-14,3191.7083333333335
2013-02-15,3148.5833333333335
2013-02-16,3224.5
2013-02-17,3179.125
2013-02-18,3209.7083333333335
2013-02-19,3312.4583333333335
2013-02-20,3517.2083333333335
2013-02-21,3499.0
2013-02-22,3296.0
2013-02-23,2881.8333333333335
2013-02-24,2894.0
2013-02-25,3195.7083333333335
2013-02-26,3160.2916666666665
2013-02-27,3226.0
2013-02-28,3350.4583333333335
2013-03-01,3229.75
2013-03-02,3179.5
2013-03-03,3121.2916666666665
2013-03-04,3323.4583333333335
2013-03-05,3269.1666666666665
2013-03-06,3440.9583333333335
2013-03-07,3309.2083333333335
2013-03-08,3158.3333333333335
2013-03-09,2865.125
2013-03-10,2546.1304347826085
2013-03-11,2871.7916666666665
2013-03-12,3133.625
2013-03-13,3322.5416666666665
2013-03-14,3303.875
2013-03-15,3036.9166666666665
2013-03-16,2663.1666666666665
2013-03-17,2870.375
2013-03-18,3161.875
2013-03-19,3139.2083333333335
2013-03-20,3261.0416666666665
2013-03-21,3409.7083333333335
2013-03-22,3217.0416666666665
2013-03-23,2823.7916666666665
2013-03-24,2941.6666666666665
2013-03-25,3294.5833333333335
2013-03-26,3238.0416666666665
2013-03-27,3182.2083333333335
2013-03-28,3013.6666666666665
2013-03-29,2791.0416666666665
2013-03-30,2533.875
2013-03-31,2384.6666666666665
2013-04-01,2773.8333333333335
2013-04-02,2991.9583333333335
2013-04-03,3029.125
2013-04-04,2955.2083333333335
2013-04-05,2839.1666666666665
2013-04-06,2563.125
2013-04-07,2392.3333333333335
2013-04-08,2689.75
2013-04-09,2767.75
2013-04-10,2964.7916666666665
2013-04-11,2859.5833333333335
2013-04-12,2671.375
2013-04-13,2501.4583333333335
2013-04-14,2350.75
2013-04-15,2597.8333333333335
2013-04-16,2683.25
2013-04-17,2740.875
2013-04-18,2870.9166666666665
2013-04-19,2684.9583333333335
2013-04-20,2538.75
2013-04-21,2453.375
2013-04-22,2730.9166666666665
2013-04-23,2667.6666666666665
2013-04-24,2720.8333333333335
2013-04-25,2831.6666666666665
2013-04-26,2696.5
2013-04-27,2412.4166666666665
2013-04-28,2322.75
2013-04-29,2650.3333333333335
2013-04-30,2766.7083333333335
2013-05-01,2918.375
2013-05-02,2906.4583333333335
2013-05-03,2834.1666666666665
2013-05-04,2492.875
2013-05-05,2362.0416666666665
2013-05-06,2709.25
2013-05-07,2733.875
2013-05-08,2786.0416666666665
2013-05-09,2871.2083333333335
2013-05-10,2742.3333333333335
2013-05-11,2408.7083333333335
2013-05-12,2280.2083333333335
2013-05-13,2670.875
2013-05-14,2781.0416666666665
2013-05-15,3172.5
2013-05-16,3106.4583333333335
2013-05-17,3000.4166666666665
2013-05-18,2758.5416666666665
2013-05-19,2852.6666666666665
2013-05-20,3494.9166666666665
2013-05-21,3504.0
2013-05-22,3271.3333333333335
2013-05-23,2952.75
2013-05-24,2604.5416666666665
2013-05-25,2332.0416666666665
2013-05-26,2284.9583333333335
2013-05-27,2513.5833333333335
2013-05-28,3260.6666666666665
2013-05-29,3522.75
2013-05-30,3723.2916666666665
2013-05-31,3438.75
2013-06-01,3083.0416666666665
2013-06-02,2921.0833333333335
2013-06-03,2927.875
2013-06-04,2859.7916666666665
2013-06-05,3066.6666666666665
2013-06-06,3084.9583333333335
2013-06-07,2944.4166666666665
2013-06-08,2691.5833333333335
2013-06-09,2796.625
2013-06-10,3106.25
2013-06-11,3380.6666666666665
2013-06-12,3821.375
2013-06-13,3568.625
2013-06-14,3157.2083333333335
2013-06-15,3014.5416666666665
2013-06-16,2917.9166666666665
2013-06-17,3524.8333333333335
2013-06-18,3449.0
2013-06-19,3264.6666666666665
2013-06-20,3403.625
2013-06-21,3556.5
2013-06-22,3514.125
2013-06-23,3332.5416666666665
2013-06-24,3668.75
2013-06-25,3923.0833333333335
2013-06-26,3688.9583333333335
2013-06-27,3538.9166666666665
2013-06-28,3572.0416666666665
2013-06-29,2895.125
2013-06-30,2836.6666666666665
2013-07-01,3074.7916666666665
2013-07-02,3232.625
2013-07-03,3323.5833333333335
2013-07-04,2699.1666666666665
2013-07-05,2847.7083333333335
2013-07-06,2810.0
2013-07-07,2823.9166666666665
2013-07-08,3569.375
2013-07-09,3897.5833333333335
2013-07-10,3906.875
2013-07-11,3486.5833333333335
2013-07-12,3210.375
2013-07-13,3197.875
2013-07-14,3524.8333333333335
2013-07-15,4088.7083333333335
2013-07-16,4163.708333333333
2013-07-17,4255.416666666667
2013-07-18,4317.583333333333
2013-07-19,4139.583333333333
2013-07-20,3687.875
2013-07-21,3359.9166666666665
2013-07-22,3538.625
2013-07-23,3670.625
2013-07-24,3194.8333333333335
2013-07-25,3056.7083333333335
2013-07-26,3156.5
2013-07-27,2839.5833333333335
2013-07-28,2551.7083333333335
2013-07-29,2991.5416666666665
2013-07-30,3090.125
2013-07-31,3157.5
2013-08-01,3357.25
2013-08-02,3232.9166666666665
2013-08-03,3067.7083333333335
2013-08-04,2815.2916666666665
2013-08-05,3108.2916666666665
2013-08-06,3343.75
2013-08-07,3637.5
2013-08-08,3743.375
2013-08-09,3563.875
2013-08-10,3355.25
2013-08-11,3397.125
2013-08-12,3650.4166666666665
2013-08-13,3455.875
2013-08-14,2887.125
2013-08-15,2856.0
2013-08-16,2939.7916666666665
2013-08-17,2861.5
2013-08-18,2949.3333333333335
2013-08-19,3462.2083333333335
2013-08-20,3599.7083333333335
2013-08-21,3682.1666666666665
2013-08-22,3675.125
2013-08-23,3549.0416666666665
2013-08-24,3284.9583333333335
2013-08-25,3243.25
2013-08-26,3728.75
2013-08-27,3997.875
2013-08-28,4177.958333333333
2013-08-29,3995.375
2013-08-30,3837.1666666666665
2013-08-31,3551.6666666666665
2013-09-01,3163.5416666666665
2013-09-02,3423.4583333333335
2013-09-03,3132.6666666666665
2013-09-04,3169.5833333333335
2013-09-05,3394.25
2013-09-06,3148.3333333333335
2013-09-07,3065.7916666666665
2013-09-08,3407.375
2013-09-09,3944.4166666666665
2013-09-10,4199.916666666667
2013-09-11,4080.125
2013-09-12,3699.375
2013-09-13,2849.2916666666665
2013-09-14,2445.375
2013-09-15,2441.8333333333335
2013-09-16,2855.6666666666665
2013-09-17,2838.0
2013-09-18,2965.25
2013-09-19,3192.5
2013-09-20,3407.2916666666665
2013-09-21,2801.3333333333335
2013-09-22,2433.0
2013-09-23,2707.8333333333335
2013-09-24,2738.7083333333335
2013-09-25,2806.375
2013-09-26,2834.7916666666665
2013-09-27,2863.0416666666665
2013-09-28,2652.7083333333335
2013-09-29,2488.875
2013-09-30,2839.6666666666665
2013-10-01,2964.125
2013-10-02,3044.375
2013-10-03,3220.4583333333335
2013-10-04,3257.4583333333335
2013-10-05,2989.5416666666665
2013-10-06,2703.4166666666665
2013-10-07,2643.125
2013-10-08,2655.5416666666665
2013-10-09,2659.9583333333335
2013-10-10,2678.8333333333335
2013-10-11,2723.1666666666665
2013-10-12,2584.5
2013-10-13,2499.625
2013-10-14,2724.4166666666665
2013-10-15,2824.4166666666665
2013-10-16,2804.875
2013-10-17,2706.125
2013-10-18,2659.375
2013-10-19,2495.4583333333335
2013-10-20,2470.2083333333335
2013-10-21,2731.4583333333335
2013-10-22,2744.0
2013-10-23,2921.25
2013-10-24,3018.1666666666665
2013-10-25,2939.4166666666665
2013-10-26,2779.0
2013-10-27,2559.1666666666665
2013-10-28,2867.75
2013-10-29,2838.9583333333335
2013-10-30,2803.9583333333335
2013-10-31,2784.125
2013-11-01,2679.125
2013-11-02,2511.9166666666665
2013-11-03,2541.1304347826085
2013-11-04,2821.3333333333335
2013-11-05,2766.75
2013-11-06,2795.5416666666665
2013-11-07,2832.625
2013-11-08,2903.75
2013-11-09,2624.9166666666665
2013-11-10,2529.875
2013-11-11,2954.2916666666665
2013-11-12,3120.5
2013-11-13,3238.4583333333335
2013-11-14,3083.375
2013-11-15,2927.25
2013-11-16,2596.9166666666665
2013-11-17,2462.0833333333335
2013-11-18,2778.7916666666665
2013-11-19,3052.7916666666665
2013-11-20,3086.5416666666665
2013-11-21,2931.125
2013-11-22,2885.5
2013-11-23,2967.2916666666665
2013-11-24,3223.25
2013-11-25,3444.4583333333335
2013-11-26,3332.125
2013-11-27,3411.0
2013-11-28,3030.5
2013-11-29,3013.0833333333335
2013-11-30,2869.75
2013-12-01,2744.75
2013-12-02,2962.6666666666665
2013-12-03,2995.2083333333335
2013-12-04,2956.7916666666665
2013-12-05,2956.5
2013-12-06,3385.4166666666665
2013-12-07,3248.3333333333335
2013-12-08,3358.3333333333335
2013-12-09,3474.5
2013-12-10,3553.625
2013-12-11,3644.5833333333335
2013-12-12,3773.375
2013-12-13,3534.3333333333335
2013-12-14,3212.2083333333335
2013-12-15,3264.2916666666665
2013-12-16,3470.75
2013-12-17,3469.5833333333335
2013-12-18,3452.875
2013-12-19,3224.4583333333335
2013-12-20,2976.6666666666665
2013-12-21,2711.5416666666665
2013-12-22,2561.5833333333335
2013-12-23,3099.2916666666665
2013-12-24,3308.7916666666665
2013-12-25,3118.8333333333335
2013-12-26,3103.0
2013-12-27,3098.7083333333335
2013-12-28,2841.7083333333335
2013-12-29,2806.8333333333335
2013-12-30,3271.6666666666665
2013-12-31,3262.8333333333335
2014-01-01,2965.6666666666665
2014-01-02,3419.5
2014-01-03,3856.8333333333335
2014-01-04,3436.2083333333335
2014-01-05,3105.625
2014-01-06,4281.5
2014-01-07,4498.375
2014-01-08,3955.5833333333335
2014-01-09,3583.5
2014-01-10,3268.6666666666665
2014-01-11,2910.1666666666665
2014-01-12,2963.9583333333335
2014-01-13,3134.0
2014-01-14,3054.6666666666665
2014-01-15,3452.875
2014-01-16,3672.4583333333335
2014-01-17,3586.7083333333335
2014-01-18,3581.0
2014-01-19,3205.7916666666665
2014-01-20,3239.125
2014-01-21,3731.7083333333335
2014-01-22,4260.916666666667
2014-01-23,4227.333333333333
2014-01-24,4256.125
2014-01-25,3679.9583333333335
2014-01-26,3540.375
2014-01-27,3900.5416666666665
2014-01-28,4434.333333333333
2014-01-29,4239.291666666667
2014-01-30,3909.25
2014-01-31,3375.375
2014-02-01,2990.7916666666665
2014-02-02,3030.25
2014-02-03,3438.5
2014-02-04,3651.7083333333335
2014-02-05,3564.0833333333335
2014-02-06,3694.4583333333335
2014-02-07,3931.3333333333335
2014-02-08,3638.7083333333335
2014-02-09,3367.0416666666665
2014-02-10,3786.5416666666665
2014-02-11,4035.2916666666665
2014-02-12,3914.125
2014-02-13,3558.7083333333335
2014-02-14,3411.5416666666665
2014-02-15,3356.5833333333335
2014-02-16,3289.1666666666665
2014-02-17,3631.125
2014-02-18,3222.3333333333335
2014-02-19,3059.4166666666665
2014-02-20,3077.625
2014-02-21,2992.5
2014-02-22,2827.0
2014-02-23,2940.875
2014-02-24,3387.2916666666665
2014-02-25,3474.625
2014-02-26,3656.5416666666665
2014-02-27,3725.9583333333335
2014-02-28,3629.125
2014-03-01,3026.1666666666665
2014-03-02,3189.3333333333335
2014-03-03,3728.5
2014-03-04,3618.5833333333335
2014-03-05,3448.1666666666665
2014-03-06,3346.2916666666665
2014-03-07,3045.75
2014-03-08,2780.4166666666665
2014-03-09,2803.695652173913
2014-03-10,2979.7916666666665
2014-03-11,2822.9583333333335
2014-03-12,3043.3333333333335
2014-03-13,3396.7083333333335
2014-03-14,3029.0833333333335
2014-03-15,2620.4583333333335
2014-03-16,2965.4583333333335
2014-03-17,3315.5833333333335
2014-03-18,3062.3333333333335
2014-03-19,2989.2916666666665
2014-03-20,2986.4583333333335
2014-03-21,2780.2083333333335
2014-03-22,2539.625
2014-03-23,2708.8333333333335
2014-03-24,3179.0833333333335
2014-03-25,3235.75
2014-03-26,3291.7083333333335
2014-03-27,3166.875
2014-03-28,2762.6666666666665
2014-03-29,2831.75
2014-03-30,2732.9583333333335
2014-03-31,2853.3333333333335
2014-04-01,2703.25
2014-04-02,2715.5416666666665
2014-04-03,2827.4166666666665
2014-04-04,2747.4583333333335
2014-04-05,2632.0833333333335
2014-04-06,2549.0833333333335
2014-04-07,2835.9166666666665
2014-04-08,2789.75
2014-04-09,2776.2083333333335
2014-04-10,2779.0833333333335
2014-04-11,2663.875
2014-04-12,2474.0833333333335
2014-04-13,2458.1666666666665
2014-04-14,2748.3333333333335
2014-04-15,2933.8333333333335
2014-04-16,3025.2083333333335
2014-04-17,2815.5416666666665
2014-04-18,2560.0416666666665
2014-04-19,2356.0833333333335
2014-04-20,2289.125
2014-04-21,2626.75
2014-04-22,2658.125
2014-04-23,2677.9166666666665
2014-04-24,2683.875
2014-04-25,2641.8333333333335
2014-04-26,2431.9583333333335
2014-04-27,2335.9166666666665
2014-04-28,2669.2916666666665
2014-04-29,2704.0
2014-04-30,2637.25
2014-05-01,2598.0
2014-05-02,2617.7083333333335
2014-05-03,2418.2083333333335
2014-05-04,2352.375
2014-05-05,2643.8333333333335
2014-05-06,2696.375
2014-05-07,2926.25
2014-05-08,3158.6666666666665
2014-05-09,2971.0833333333335
2014-05-10,2611.875
2014-05-11,2635.75
2014-05-12,3292.5416666666665
2014-05-13,3449.9166666666665
2014-05-14,3071.6666666666665
2014-05-15,2725.8333333333335
2014-05-16,2660.5416666666665
2014-05-17,2460.2083333333335
2014-05-18,2390.0
2014-05-19,2667.625
2014-05-20,2819.8333333333335
2014-05-21,3099.4166666666665
2014-05-22,3128.25
2014-05-23,2876.375
2014-05-24,2592.5
2014-05-25,2599.0
2014-05-26,2888.9583333333335
2014-05-27,3565.5
2014-05-28,3608.75
2014-05-29,3481.7916666666665
2014-05-30,3347.2083333333335
2014-05-31,3081.0833333333335
2014-06-01,3151.5
2014-06-02,3527.3333333333335
2014-06-03,3653.7916666666665
2014-06-04,3300.875
2014-06-05,3129.875
2014-06-06,3074.8333333333335
2014-06-07,2916.625
2014-06-08,2738.0
2014-06-09,2942.9166666666665
2014-06-10,3051.9583333333335
2014-06-11,3104.3333333333335
2014-06-12,3111.875
2014-06-13,3068.2916666666665
2014-06-14,2651.875
2014-06-15,2881.875
2014-06-16,3726.5
2014-06-17,3942.5
2014-06-18,4067.625
2014-06-19,3807.0
2014-06-20,3531.75
2014-06-21,3360.6666666666665
2014-06-22,3364.375
2014-06-23,3913.25
2014-06-24,3776.5
2014-06-25,3662.75
2014-06-26,3705.3333333333335
2014-06-27,3777.5
2014-06-28,3442.1666666666665
2014-06-29,3377.6666666666665
2014-06-30,3821.7916666666665
2014-07-01,4087.9166666666665
2014-07-02,3688.3333333333335
2014-07-03,3076.9166666666665
2014-07-04,2576.0833333333335
2014-07-05,2689.4166666666665
2014-07-06,2850.3333333333335
2014-07-07,3578.6666666666665
2014-07-08,3592.9166666666665
2014-07-09,3550.9583333333335
2014-07-10,3457.75
2014-07-11,3450.125
2014-07-12,3346.4583333333335
2014-07-13,3506.5
2014-07-14,3586.1666666666665
2014-07-15,3158.6666666666665
2014-07-16,2916.5833333333335
2014-07-17,2924.0
2014-07-18,2872.1666666666665
2014-07-19,2686.2916666666665
2014-07-20,2917.4583333333335
2014-07-21,3586.0416666666665
2014-07-22,3912.5
2014-07-23,3652.125
2014-07-24,3181.9166666666665
2014-07-25,3084.6666666666665
2014-07-26,3200.75
2014-07-27,3140.2083333333335
2014-07-28,3072.0
2014-07-29,2848.4166666666665
2014-07-30,3070.75
2014-07-31,3322.375
2014-08-01,3376.2916666666665
2014-08-02,3107.0833333333335
2014-08-03,3039.7916666666665
2014-08-04,3481.5416666666665
2014-08-05,3449.7916666666665
2014-08-06,3520.6666666666665
2014-08-07,3352.3333333333335
2014-08-08,3165.0833333333335
2014-08-09,3095.25
2014-08-10,3286.9583333333335
2014-08-11,3681.4166666666665
2014-08-12,3346.2083333333335
2014-08-13,3177.9166666666665
2014-08-14,3300.25
2014-08-15,3008.4583333333335
2014-08-16,2685.9166666666665
2014-08-17,2911.9583333333335
2014-08-18,3573.25
2014-08-19,3845.75
2014-08-20,3741.5833333333335
2014-08-21,3532.0833333333335
2014-08-22,3647.0833333333335
2014-08-23,3650.5
2014-08-24,3633.75
2014-08-25,3968.125
2014-08-26,3967.125
2014-08-27,4070.875
2014-08-28,3867.625
2014-08-29,3722.9583333333335
2014-08-30,3458.875
2014-08-31,3173.625
2014-09-01,3350.9166666666665
2014-09-02,3490.8333333333335
2014-09-03,3574.875
2014-09-04,3805.2916666666665
2014-09-05,4031.625
2014-09-06,3310.7916666666665
2014-09-07,2802.0
2014-09-08,3168.25
2014-09-09,3318.25
2014-09-10,3474.75
2014-09-11,3232.1666666666665
2014-09-12,2724.0
2014-09-13,2451.9583333333335
2014-09-14,2372.2916666666665
2014-09-15,2713.25
2014-09-16,2714.75
2014-09-17,2734.9583333333335
2014-09-18,2798.1666666666665
2014-09-19,2761.25
2014-09-20,2720.375
2014-09-21,2790.0
2014-09-22,2708.5
2014-09-23,2760.3333333333335
2014-09-24,2831.1666666666665
2014-09-25,2909.7083333333335
2014-09-26,2955.5
2014-09-27,2732.4166666666665
2014-09-28,2702.75
2014-09-29,3174.25
2014-09-30,2964.2083333333335
2014-10-01,2810.2083333333335
2014-10-02,3041.375
2014-10-03,2913.5416666666665
2014-10-04,2402.4583333333335
2014-10-05,2390.7083333333335
2014-10-06,2692.3333333333335
2014-10-07,2760.6666666666665
2014-10-08,2762.4166666666665
2014-10-09,2757.2916666666665
2014-10-10,2728.5416666666665
2014-10-11,2487.0416666666665
2014-10-12,2450.0416666666665
2014-10-13,2822.6666666666665
2014-10-14,2847.5
2014-10-15,2748.7083333333335
2014-10-16,2740.2083333333335
2014-10-17,2704.0
2014-10-18,2420.125
2014-10-19,2376.5416666666665
2014-10-20,2724.9583333333335
2014-10-21,2773.25
2014-10-22,2814.6666666666665
2014-10-23,2796.0833333333335
2014-10-24,2719.5833333333335
2014-10-25,2483.7916666666665
2014-10-26,2365.4583333333335
2014-10-27,2770.75
2014-10-28,2765.2916666666665
2014-10-29,2710.5833333333335
2014-10-30,2767.1666666666665
2014-10-31,2821.7083333333335
2014-11-01,2836.875
2014-11-02,2680.64
2014-11-03,2824.875
2014-11-04,2748.3333333333335
2014-11-05,2767.4166666666665
2014-11-06,2858.0
2014-11-07,2904.0
2014-11-08,2730.4166666666665
2014-11-09,2561.6666666666665
2014-11-10,2852.9583333333335
2014-11-11,2785.2083333333335
2014-11-12,3069.625
2014-11-13,3246.5
2014-11-14,3271.7083333333335
2014-11-15,3114.9166666666665
2014-11-16,2927.25
2014-11-17,3350.2916666666665
2014-11-18,3685.625
2014-11-19,3552.5833333333335
2014-11-20,3436.7083333333335
2014-11-21,3446.7083333333335
2014-11-22,2997.0
2014-11-23,2641.375
2014-11-24,2885.9583333333335
2014-11-25,3112.9583333333335
2014-11-26,3273.4166666666665
2014-11-27,2959.125
2014-11-28,3002.1666666666665
2014-11-29,2793.5833333333335
2014-11-30,2521.7916666666665
2014-12-01,3047.0416666666665
2014-12-02,3362.0
2014-12-03,3300.2083333333335
2014-12-04,3446.9166666666665
2014-12-05,3231.375
2014-12-06,2986.5833333333335
2014-12-07,2976.4583333333335
2014-12-08,3201.5833333333335
2014-12-09,3207.375
2014-12-10,3358.625
2014-12-11,3372.3333333333335
2014-12-12,3327.75
2014-12-13,3029.7083333333335
2014-12-14,2808.5416666666665
2014-12-15,3031.5833333333335
2014-12-16,3079.9583333333335
2014-12-17,3384.125
2014-12-18,3483.7083333333335
2014-12-19,3442.5
2014-12-20,3204.6666666666665
2014-12-21,3107.9166666666665
2014-12-22,3199.6666666666665
2014-12-23,2924.0416666666665
2014-12-24,2642.5
2014-12-25,2690.5416666666665
2014-12-26,2879.2083333333335
2014-12-27,2729.75
2014-12-28,2825.375
2014-12-29,3181.2083333333335
2014-12-30,3264.1666666666665
2014-12-31,3386.5833333333335
2015-01-01,3145.8333333333335
2015-01-02,3115.75
2015-01-03,2881.75
2015-01-04,2751.4583333333335
2015-01-05,3680.0
2015-01-06,3695.6666666666665
2015-01-07,4082.4166666666665
2015-01-08,4360.208333333333
2015-01-09,3943.75
2015-01-10,3835.7083333333335
2015-01-11,3399.8333333333335
2015-01-12,3439.1666666666665
2015-01-13,3632.0833333333335
2015-01-14,3712.9583333333335
2015-01-15,3501.0416666666665
2015-01-16,3382.6666666666665
2015-01-17,3059.0416666666665
2015-01-18,2867.125
2015-01-19,3126.3333333333335
2015-01-20,3074.375
2015-01-21,3110.125
2015-01-22,3287.25
2015-01-23,3218.7083333333335
2015-01-24,3040.125
2015-01-25,2971.5
2015-01-26,3511.875
2015-01-27,3602.375
2015-01-28,3647.5
2015-01-29,3386.0833333333335
2015-01-30,3395.3333333333335
2015-01-31,3302.1666666666665
2015-02-01,3002.4166666666665
2015-02-02,3515.7916666666665
2015-02-03,3522.9583333333335
2015-02-04,3312.3333333333335
2015-02-05,3632.5416666666665
2015-02-06,3701.875
2015-02-07,2982.25
2015-02-08,2697.0833333333335
2015-02-09,3262.875
2015-02-10,3503.5416666666665
2015-02-11,3416.625
2015-02-12,3583.7916666666665
2015-02-13,3584.6666666666665
2015-02-14,3427.2083333333335
2015-02-15,3698.875
2015-02-16,4088.9166666666665
2015-02-17,4002.625
2015-02-18,3907.2083333333335
2015-02-19,4335.125
2015-02-20,4233.083333333333
2015-02-21,3480.4166666666665
2015-02-22,3311.3333333333335
2015-02-23,3788.2083333333335
2015-02-24,3987.875
2015-02-25,3476.0416666666665
2015-02-26,3631.25
2015-02-27,3767.0833333333335
2015-02-28,3559.7083333333335
2015-03-01,3271.0
2015-03-02,3422.0833333333335
2015-03-03,3406.75
2015-03-04,3365.4166666666665
2015-03-05,3626.8333333333335
2015-03-06,3744.4166666666665
2015-03-07,3215.7916666666665
2015-03-08,2821.913043478261
2015-03-09,3012.1666666666665
2015-03-10,3012.7916666666665
2015-03-11,2891.625
2015-03-12,2902.9583333333335
2015-03-13,2914.9166666666665
2015-03-14,2614.4583333333335
2015-03-15,2568.0833333333335
2015-03-16,2782.7083333333335
2015-03-17,2747.1666666666665
2015-03-18,2986.0416666666665
2015-03-19,2957.0833333333335
2015-03-20,2945.25
2015-03-21,2598.0
2015-03-22,2589.5416666666665
2015-03-23,3065.7916666666665
2015-03-24,3116.1666666666665
2015-03-25,2853.4166666666665
2015-03-26,2916.5833333333335
2015-03-27,3138.7916666666665
2015-03-28,3034.4166666666665
2015-03-29,2924.4583333333335
2015-03-30,2866.5833333333335
2015-03-31,2777.0833333333335
2015-04-01,2763.0416666666665
2015-04-02,2746.3333333333335
2015-04-03,2587.375
2015-04-04,2511.4166666666665
2015-04-05,2413.375
2015-04-06,2714.625
2015-04-07,2764.2916666666665
2015-04-08,2761.9583333333335
2015-04-09,2799.875
2015-04-10,2657.2916666666665
2015-04-11,2460.8333333333335
2015-04-12,2422.5833333333335
2015-04-13,2762.0416666666665
2015-04-14,2667.875
2015-04-15,2709.4166666666665
2015-04-16,2719.4583333333335
2015-04-17,2731.7083333333335
2015-04-18,2500.6666666666665
2015-04-19,2431.2083333333335
2015-04-20,2647.2916666666665
2015-04-21,2677.2083333333335
2015-04-22,2701.25
2015-04-23,2795.2083333333335
2015-04-24,2761.9583333333335
2015-04-25,2554.4583333333335
2015-04-26,2456.0
2015-04-27,2736.9166666666665
2015-04-28,2735.0
2015-04-29,2707.5
2015-04-30,2685.7083333333335
2015-05-01,2639.375
2015-05-02,2443.125
2015-05-03,2435.9166666666665
2015-05-04,2865.375
2015-05-05,3062.875
2015-05-06,3181.5
2015-05-07,3309.75
2015-05-08,3382.4583333333335
2015-05-09,3150.9583333333335
2015-05-10,3041.25
2015-05-11,3397.8333333333335
2015-05-12,2866.9166666666665
2015-05-13,2700.25
2015-05-14,2705.2083333333335
2015-05-15,2967.75
2015-05-16,2826.5416666666665
2015-05-17,3020.4166666666665
2015-05-18,3263.875
2015-05-19,2943.2916666666665
2015-05-20,2673.2083333333335
2015-05-21,2652.2916666666665
2015-05-22,2675.1666666666665
2015-05-23,2519.0416666666665
2015-05-24,2648.5833333333335
2015-05-25,2770.2083333333335
2015-05-26,3240.625
2015-05-27,3370.0416666666665
2015-05-28,3343.1666666666665
2015-05-29,3468.0416666666665
2015-05-30,3293.0833333333335
2015-05-31,2741.9166666666665
2015-06-01,2633.5
2015-06-02,2615.25
2015-06-03,2765.25
2015-06-04,3113.7083333333335
2015-06-05,3276.2916666666665
2015-06-06,2926.2083333333335
2015-06-07,3042.625
2015-06-08,3370.25
2015-06-09,3190.0
2015-06-10,3560.375
2015-06-11,3894.9166666666665
2015-06-12,3921.4166666666665
2015-06-13,3660.625
2015-06-14,3761.7083333333335
2015-06-15,4080.0416666666665
2015-06-16,3887.7083333333335
2015-06-17,3629.5
2015-06-18,3742.7083333333335
2015-06-19,3318.4166666666665
2015-06-20,3093.75
2015-06-21,3349.5833333333335
2015-06-22,3887.0
2015-06-23,4075.9583333333335
2015-06-24,3561.5416666666665
2015-06-25,3451.1666666666665
2015-06-26,3456.7083333333335
2015-06-27,2720.7916666666665
2015-06-28,2604.875
2015-06-29,3056.5833333333335
2015-06-30,3086.6666666666665
2015-07-01,3178.2083333333335
2015-07-02,3187.3333333333335
2015-07-03,2839.8333333333335
2015-07-04,2832.8333333333335
2015-07-05,2817.125
2015-07-06,3492.5416666666665
2015-07-07,3622.5
2015-07-08,3190.0
2015-07-09,3440.9166666666665
2015-07-10,3168.75
2015-07-11,3042.125
2015-07-12,3163.625
2015-07-13,3292.2083333333335
2015-07-14,3648.9583333333335
2015-07-15,3508.1666666666665
2015-07-16,3449.125
2015-07-17,3833.2083333333335
2015-07-18,3775.5833333333335
2015-07-19,3647.9166666666665
2015-07-20,3966.9583333333335
2015-07-21,3923.0
2015-07-22,3481.125
2015-07-23,3493.5
2015-07-24,3608.4166666666665
2015-07-25,3461.25
2015-07-26,3494.5
2015-07-27,3798.7916666666665
2015-07-28,4113.958333333333
2015-07-29,4117.875
2015-07-30,3801.25
2015-07-31,3665.7916666666665
2015-08-01,3356.7916666666665
2015-08-02,3367.75
2015-08-03,3594.0416666666665
2015-08-04,3576.25
2015-08-05,3634.9583333333335
2015-08-06,3191.5
2015-08-07,3246.6666666666665
2015-08-08,3242.7083333333335
2015-08-09,3299.0416666666665
2015-08-10,3760.9166666666665
2015-08-11,3575.9583333333335
2015-08-12,3350.4583333333335
2015-08-13,3364.5
2015-08-14,3483.5416666666665
2015-08-15,3330.5
2015-08-16,3457.7916666666665
2015-08-17,3754.9166666666665
2015-08-18,3773.9166666666665
2015-08-19,3780.75
2015-08-20,3430.6666666666665
2015-08-21,3203.5416666666665
2015-08-22,2965.75
2015-08-23,3210.1666666666665
2015-08-24,3308.6666666666665
2015-08-25,2944.25
2015-08-26,2964.0833333333335
2015-08-27,3040.0
2015-08-28,3072.5833333333335
2015-08-29,3174.5
2015-08-30,3331.375
2015-08-31,3747.2083333333335
2015-09-01,3848.5416666666665
2015-09-02,3909.0416666666665
2015-09-03,4001.125
2015-09-04,3909.25
2015-09-05,3456.9166666666665
2015-09-06,3398.4583333333335
2015-09-07,3619.625
2015-09-08,3970.0833333333335
2015-09-09,3603.3333333333335
2015-09-10,3505.5416666666665
2015-09-11,3099.4583333333335
2015-09-12,2553.2916666666665
2015-09-13,2407.7916666666665
2015-09-14,2771.2083333333335
2015-09-15,2971.625
2015-09-16,3108.1666666666665
2015-09-17,3190.0416666666665
2015-09-18,3181.0
2015-09-19,2897.7083333333335
2015-09-20,2519.6666666666665
2015-09-21,2860.875
2015-09-22,2954.9583333333335
2015-09-23,3062.9583333333335
2015-09-24,3109.25
2015-09-25,2916.4166666666665
2015-09-26,2626.5416666666665
2015-09-27,2713.25
2015-09-28,3277.125
2015-09-29,3186.4166666666665
2015-09-30,2832.7083333333335
2015-10-01,2649.3333333333335
2015-10-02,2612.9583333333335
2015-10-03,2530.125
2015-10-04,2462.9166666666665
2015-10-05,2854.6666666666665
2015-10-06,2885.5
2015-10-07,2975.75
2015-10-08,2945.8333333333335
2015-10-09,2848.2083333333335
2015-10-10,2455.4166666666665
2015-10-11,2391.2916666666665
2015-10-12,2779.5416666666665
2015-10-13,2740.625
2015-10-14,2699.7083333333335
2015-10-15,2742.9166666666665
2015-10-16,2666.7916666666665
2015-10-17,2517.5416666666665
2015-10-18,2551.6666666666665
2015-10-19,2764.8333333333335
2015-10-20,2708.5416666666665
2015-10-21,2745.25
2015-10-22,2811.375
2015-10-23,2771.5833333333335
2015-10-24,2560.125
2015-10-25,2336.875
2015-10-26,2687.2916666666665
2015-10-27,2721.3333333333335
2015-10-28,2771.25
2015-10-29,2732.6666666666665
2015-10-30,2741.8333333333335
2015-10-31,2538.75
2015-11-01,2389.96
2015-11-02,2689.625
2015-11-03,2746.625
2015-11-04,2778.0833333333335
2015-11-05,2823.125
2015-11-06,2752.5833333333335
2015-11-07,2478.3333333333335
2015-11-08,2517.8333333333335
2015-11-09,2873.7083333333335
2015-11-10,2834.5
2015-11-11,2873.875
2015-11-12,2797.9583333333335
2015-11-13,2833.5833333333335
2015-11-14,2706.1666666666665
2015-11-15,2571.7916666666665
2015-11-16,2818.4166666666665
2015-11-17,2789.3333333333335
2015-11-18,2814.4583333333335
2015-11-19,2732.5
2015-11-20,2883.7916666666665
2015-11-21,2760.1666666666665
2015-11-22,2889.4583333333335
2015-11-23,3183.2916666666665
2015-11-24,3034.5416666666665
2015-11-25,2187.4166666666665
2015-11-26,2411.375
2015-11-27,2413.0833333333335
2015-11-28,2521.9166666666665
2015-11-29,2686.375
2015-11-30,2998.7083333333335
2015-12-01,2887.2916666666665
2015-12-02,3050.0416666666665
2015-12-03,3206.6666666666665
2015-12-04,3261.4166666666665
2015-12-05,3008.1666666666665
2015-12-06,2909.25
2015-12-07,2989.4166666666665
2015-12-08,2915.375
2015-12-09,2954.625
2015-12-10,2972.5
2015-12-11,2845.4166666666665
2015-12-12,2607.0
2015-12-13,2516.0
2015-12-14,2825.625
2015-12-15,2927.2916666666665
2015-12-16,2974.1666666666665
2015-12-17,2989.1666666666665
2015-12-18,3257.875
2015-12-19,3086.5416666666665
2015-12-20,3012.0
2015-12-21,3028.375
2015-12-22,2815.125
2015-12-23,2785.5833333333335
2015-12-24,2455.0833333333335
2015-12-25,2356.9583333333335
2015-12-26,2534.1666666666665
2015-12-27,2502.4166666666665
2015-12-28,3024.8333333333335
2015-12-29,2868.0416666666665
2015-12-30,2961.375
2015-12-31,3023.6666666666665
2016-01-01,2848.2916666666665
2016-01-02,2914.1666666666665
2016-01-03,2960.9166666666665
2016-01-04,3263.5833333333335
2016-01-05,3479.7916666666665
2016-01-06,3420.5833333333335
2016-01-07,3279.625
2016-01-08,3057.5833333333335
2016-01-09,2703.7916666666665
2016-01-10,3082.1666666666665
2016-01-11,3784.7916666666665
2016-01-12,3593.4166666666665
2016-01-13,3891.9583333333335
2016-01-14,3348.5
2016-01-15,3100.0416666666665
2016-01-16,3122.5833333333335
2016-01-17,3308.7083333333335
2016-01-18,4015.25
2016-01-19,3961.9583333333335
2016-01-20,3882.7916666666665
2016-01-21,3703.375
2016-01-22,3723.9583333333335
2016-01-23,3414.75
2016-01-24,3311.4583333333335
2016-01-25,3339.375
2016-01-26,3197.4583333333335
2016-01-27,3440.5833333333335
2016-01-28,3332.2083333333335
2016-01-29,3201.7916666666665
2016-01-30,2870.8333333333335
2016-01-31,2605.2083333333335
2016-02-01,2841.2083333333335
2016-02-02,3038.5833333333335
2016-02-03,2848.4583333333335
2016-02-04,3265.5833333333335
2016-02-05,3304.5416666666665
2016-02-06,3006.25
2016-02-07,2866.6666666666665
2016-02-08,3140.0833333333335
2016-02-09,3566.625
2016-02-10,3791.5833333333335
2016-02-11,3733.125
2016-02-12,3681.4583333333335
2016-02-13,3577.2083333333335
2016-02-14,3629.9583333333335
2016-02-15,3511.5416666666665
2016-02-16,3360.875
2016-02-17,3387.0416666666665
2016-02-18,3253.5
2016-02-19,2969.5
2016-02-20,2543.5833333333335
2016-02-21,2468.75
2016-02-22,2925.25
2016-02-23,2966.0833333333335
2016-02-24,2941.0416666666665
2016-02-25,3326.9583333333335
2016-02-26,3280.5416666666665
2016-02-27,2847.7916666666665
2016-02-28,2610.0833333333335
2016-02-29,2828.5
2016-03-01,3017.25
2016-03-02,3227.2083333333335
2016-03-03,3324.875
2016-03-04,3220.5416666666665
2016-03-05,3029.3333333333335
2016-03-06,2750.2083333333335
2016-03-07,2849.5416666666665
2016-03-08,2740.5
2016-03-09,2687.5833333333335
2016-03-10,2756.5416666666665
2016-03-11,2725.0416666666665
2016-03-12,2530.875
2016-03-13,2456.9565217391305
2016-03-14,2731.0833333333335
2016-03-15,2712.4166666666665
2016-03-16,2709.125
2016-03-17,2700.0
2016-03-18,2731.0833333333335
2016-03-19,2670.5
2016-03-20,2694.7916666666665
2016-03-21,2941.4166666666665
2016-03-22,2884.75
2016-03-23,2761.625
2016-03-24,2726.9583333333335
2016-03-25,2630.2916666666665
2016-03-26,2219.25
2016-03-27,2366.25
2016-03-28,2656.5416666666665
2016-03-29,2772.2916666666665
2016-03-30,2747.4583333333335
2016-03-31,2656.75
2016-04-01,2507.0
2016-04-02,2496.125
2016-04-03,2610.4166666666665
2016-04-04,2741.0416666666665
2016-04-05,2901.25
2016-04-06,2905.5833333333335
2016-04-07,2932.4166666666665
2016-04-08,2957.4583333333335
2016-04-09,2881.0
2016-04-10,2736.4583333333335
2016-04-11,2819.8333333333335
2016-04-12,2795.0416666666665
2016-04-13,2835.8333333333335
2016-04-14,2783.0416666666665
2016-04-15,2703.9583333333335
2016-04-16,2467.2916666666665
2016-04-17,2438.7083333333335
2016-04-18,2813.75
2016-04-19,2821.5833333333335
2016-04-20,2844.9583333333335
2016-04-21,2839.25
2016-04-22,2678.375
2016-04-23,2408.875
2016-04-24,2375.0833333333335
2016-04-25,2814.7083333333335
2016-04-26,2969.125
2016-04-27,2748.5
2016-04-28,2820.0416666666665
2016-04-29,2685.3333333333335
2016-04-30,2441.7916666666665
2016-05-01,2524.4166666666665
2016-05-02,2725.4166666666665
2016-05-03,2622.125
2016-05-04,2626.8333333333335
2016-05-05,2705.125
2016-05-06,2663.5416666666665
2016-05-07,2456.2083333333335
2016-05-08,2308.125
2016-05-09,2689.9166666666665
2016-05-10,2754.7916666666665
2016-05-11,2901.3333333333335
2016-05-12,2990.2916666666665
2016-05-13,2745.7083333333335
2016-05-14,2449.2083333333335
2016-05-15,2366.4583333333335
2016-05-16,2688.375
2016-05-17,2699.0
2016-05-18,2724.3333333333335
2016-05-19,2701.6666666666665
2016-05-20,2670.9166666666665
2016-05-21,2447.5833333333335
2016-05-22,2427.9583333333335
2016-05-23,2815.0833333333335
2016-05-24,2945.75
2016-05-25,3073.0416666666665
2016-05-26,3220.4166666666665
2016-05-27,3316.8333333333335
2016-05-28,3183.25
2016-05-29,3057.2083333333335
2016-05-30,3188.75
2016-05-31,3552.9166666666665
2016-06-01,3591.375
2016-06-02,3369.7083333333335
2016-06-03,3432.125
2016-06-04,3094.5
2016-06-05,2949.9583333333335
2016-06-06,3353.5833333333335
2016-06-07,3103.4166666666665
2016-06-08,2928.0833333333335
2016-06-09,3059.7083333333335
2016-06-10,3125.875
2016-06-11,3409.2916666666665
2016-06-12,3587.2916666666665
2016-06-13,3390.2916666666665
2016-06-14,3548.9583333333335
2016-06-15,3669.2916666666665
2016-06-16,3656.8333333333335
2016-06-17,3441.2083333333335
2016-06-18,3229.5
2016-06-19,3287.25
2016-06-20,3940.7083333333335
2016-06-21,3914.9166666666665
2016-06-22,3222.1666666666665
2016-06-23,3719.875
2016-06-24,3683.625
2016-06-25,3456.0833333333335
2016-06-26,3750.375
2016-06-27,4154.791666666667
2016-06-28,3819.8333333333335
2016-06-29,3218.1666666666665
2016-06-30,3281.5416666666665
2016-07-01,3289.125
2016-07-02,2786.7916666666665
2016-07-03,2526.5833333333335
2016-07-04,2620.2083333333335
2016-07-05,3469.875
2016-07-06,3671.5833333333335
2016-07-07,3679.7083333333335
2016-07-08,3610.2916666666665
2016-07-09,3342.125
2016-07-10,3208.0416666666665
2016-07-11,3726.7916666666665
2016-07-12,3800.5416666666665
2016-07-13,4089.6666666666665
2016-07-14,3821.0416666666665
2016-07-15,3774.7916666666665
2016-07-16,3377.875
2016-07-17,3449.0833333333335
2016-07-18,3739.9166666666665
2016-07-19,3918.3333333333335
2016-07-20,4005.125
2016-07-21,4124.5
2016-07-22,4026.6666666666665
2016-07-23,3945.0833333333335
2016-07-24,4122.916666666667
2016-07-25,4503.458333333333
2016-07-26,4074.8333333333335
2016-07-27,4114.375
2016-07-28,3933.4583333333335
2016-07-29,3902.5833333333335
2016-07-30,3585.3333333333335
2016-07-31,3592.75
2016-08-01,3800.875
2016-08-02,3904.8333333333335
2016-08-03,4060.4583333333335
2016-08-04,4148.5
2016-08-05,4172.708333333333
2016-08-06,3791.1666666666665
2016-08-07,3427.8333333333335
2016-08-08,3750.2916666666665
2016-08-09,3938.4166666666665
2016-08-10,4007.4583333333335
2016-08-11,4310.041666666667
2016-08-12,4332.0
2016-08-13,3905.9166666666665
2016-08-14,3487.5416666666665
2016-08-15,3710.6666666666665
2016-08-16,3666.4166666666665
2016-08-17,3629.5833333333335
2016-08-18,3792.7916666666665
2016-08-19,3877.375
2016-08-20,3430.7916666666665
2016-08-21,3156.5833333333335
2016-08-22,3243.25
2016-08-23,3377.875
2016-08-24,3593.0
2016-08-25,4194.25
2016-08-26,4193.125
2016-08-27,3655.7916666666665
2016-08-28,3683.25
2016-08-29,3961.25
2016-08-30,4018.625
2016-08-31,3887.5833333333335
2016-09-01,3434.5
2016-09-02,3135.9583333333335
2016-09-03,2883.5833333333335
2016-09-04,2870.1666666666665
2016-09-05,3217.4166666666665
2016-09-06,3937.125
2016-09-07,4137.166666666667
2016-09-08,4118.416666666667
2016-09-09,3899.4166666666665
2016-09-10,3628.1666666666665
2016-09-11,2857.7083333333335
2016-09-12,3183.7083333333335
2016-09-13,3289.5833333333335
2016-09-14,3416.9166666666665
2016-09-15,3359.8333333333335
2016-09-16,3455.8333333333335
2016-09-17,3198.125
2016-09-18,3251.4583333333335
2016-09-19,3529.25
2016-09-20,3499.4166666666665
2016-09-21,3551.6666666666665
2016-09-22,3637.75
2016-09-23,3735.25
2016-09-24,3358.25
2016-09-25,3173.9166666666665
2016-09-26,3079.5
2016-09-27,2819.875
2016-09-28,2745.6666666666665
2016-09-29,2705.8333333333335
2016-09-30,2697.0
2016-10-01,2473.2083333333335
2016-10-02,2467.75
2016-10-03,2754.8333333333335
2016-10-04,2854.625
2016-10-05,3043.625
2016-10-06,3181.9583333333335
2016-10-07,3064.5416666666665
2016-10-08,2551.75
2016-10-09,2354.2083333333335
2016-10-10,2688.2083333333335
2016-10-11,2700.4583333333335
2016-10-12,2810.375
2016-10-13,2748.9583333333335
2016-10-14,2647.75
2016-10-15,2525.0833333333335
2016-10-16,2623.6666666666665
2016-10-17,3094.2083333333335
2016-10-18,3187.1666666666665
2016-10-19,3160.875
2016-10-20,2884.375
2016-10-21,2624.0833333333335
2016-10-22,2429.5
2016-10-23,2419.1666666666665
2016-10-24,2663.9166666666665
2016-10-25,2711.125
2016-10-26,2734.75
2016-10-27,2700.2916666666665
2016-10-28,2678.75
2016-10-29,2507.125
2016-10-30,2489.375
2016-10-31,2649.2916666666665
2016-11-01,2813.5
2016-11-02,2874.875
2016-11-03,2845.0833333333335
2016-11-04,2668.8333333333335
2016-11-05,2515.7916666666665
2016-11-06,2461.4
2016-11-07,2686.25
2016-11-08,2721.0
2016-11-09,2783.0
2016-11-10,2846.7916666666665
2016-11-11,2724.7916666666665
2016-11-12,2650.125
2016-11-13,2660.6666666666665
2016-11-14,2918.625
2016-11-15,2896.5
2016-11-16,2831.375
2016-11-17,2833.125
2016-11-18,2712.9583333333335
2016-11-19,2708.4583333333335
2016-11-20,2867.625
2016-11-21,3061.5833333333335
2016-11-22,3161.9583333333335
2016-11-23,3009.8333333333335
2016-11-24,2485.2916666666665
2016-11-25,2626.7916666666665
2016-11-26,2699.0
2016-11-27,2770.4166666666665
2016-11-28,2960.7916666666665
2016-11-29,2811.7916666666665
2016-11-30,2804.75
2016-12-01,3032.125
2016-12-02,3110.2083333333335
2016-12-03,2904.5416666666665
2016-12-04,2862.75
2016-12-05,3019.7916666666665
2016-12-06,3113.0
2016-12-07,3166.8333333333335
2016-12-08,3416.25
2016-12-09,3563.625
2016-12-10,3314.7083333333335
2016-12-11,3096.7916666666665
2016-12-12,3188.25
2016-12-13,3390.4166666666665
2016-12-14,3632.4583333333335
2016-12-15,3997.0416666666665
2016-12-16,3862.0416666666665
2016-12-17,3074.2916666666665
2016-12-18,3286.25
2016-12-19,3792.5
2016-12-20,3702.375
2016-12-21,3453.9583333333335
2016-12-22,3311.6666666666665
2016-12-23,3247.75
2016-12-24,2762.5833333333335
2016-12-25,2623.4166666666665
2016-12-26,2556.4166666666665
2016-12-27,2835.1666666666665
2016-12-28,3091.8333333333335
2016-12-29,3011.25
2016-12-30,3088.5833333333335
2016-12-31,2974.9583333333335
2017-01-01,2744.3333333333335
2017-01-02,2721.5833333333335
2017-01-03,2822.5416666666665
2017-01-04,3288.75
2017-01-05,3665.7916666666665
2017-01-06,3955.625
2017-01-07,3861.4166666666665
2017-01-08,3648.9583333333335
2017-01-09,3716.375
2017-01-10,3331.125
2017-01-11,3120.2083333333335
2017-01-12,2883.25
2017-01-13,3207.2083333333335
2017-01-14,3098.8333333333335
2017-01-15,2994.0
2017-01-16,3049.125
2017-01-17,2863.2916666666665
2017-01-18,3081.625
2017-01-19,3045.4166666666665
2017-01-20,2864.4583333333335
2017-01-21,2606.2083333333335
2017-01-22,2512.9583333333335
2017-01-23,2905.25
2017-01-24,3054.5
2017-01-25,3043.0416666666665
2017-01-26,3200.4583333333335
2017-01-27,3366.9166666666665
2017-01-28,3182.6666666666665
2017-01-29,3121.9583333333335
2017-01-30,3421.4166666666665
2017-01-31,3207.25
2017-02-01,3138.9583333333335
2017-02-02,3278.9583333333335
2017-02-03,3454.0416666666665
2017-02-04,3321.0833333333335
2017-02-05,2827.125
2017-02-06,2982.2083333333335
2017-02-07,2798.1666666666665
2017-02-08,2962.4583333333335
2017-02-09,3479.2083333333335
2017-02-10,3419.125
2017-02-11,2652.0
2017-02-12,2484.125
2017-02-13,2986.9166666666665
2017-02-14,2953.75
2017-02-15,3009.625
2017-02-16,3215.6666666666665
2017-02-17,2892.5416666666665
2017-02-18,2562.75
2017-02-19,2467.4583333333335
2017-02-20,2764.6666666666665
2017-02-21,2740.5416666666665
2017-02-22,2733.75
2017-02-23,2712.625
2017-02-24,2682.75
2017-02-25,2699.6666666666665
2017-02-26,2817.2083333333335
2017-02-27,2969.7083333333335
2017-02-28,2959.7083333333335
2017-03-01,2749.6666666666665
2017-03-02,3029.875
2017-03-03,3098.375
2017-03-04,2968.2916666666665
2017-03-05,2695.9583333333335
2017-03-06,2788.9583333333335
2017-03-07,2763.0833333333335
2017-03-08,2836.125
2017-03-09,2784.7083333333335
2017-03-10,2894.0833333333335
2017-03-11,2971.7916666666665
2017-03-12,2920.3478260869565
2017-03-13,3190.0833333333335
2017-03-14,3430.125
2017-03-15,3508.5
2017-03-16,3307.25
2017-03-17,3233.75
2017-03-18,2862.25
2017-03-19,2752.625
2017-03-20,3025.125
2017-03-21,2798.4583333333335
2017-03-22,3020.9166666666665
2017-03-23,3042.2916666666665
2017-03-24,2736.2916666666665
2017-03-25,2464.2916666666665
2017-03-26,2391.7916666666665
2017-03-27,2686.0
2017-03-28,2720.3333333333335
2017-03-29,2709.75
2017-03-30,2721.1666666666665
2017-03-31,2662.8333333333335
2017-04-01,2596.5416666666665
2017-04-02,2522.4583333333335
2017-04-03,2697.5416666666665
2017-04-04,2681.7916666666665
2017-04-05,2714.2916666666665
2017-04-06,2800.1666666666665
2017-04-07,2879.2083333333335
2017-04-08,2555.75
2017-04-09,2401.9166666666665
2017-04-10,2710.0
2017-04-11,2668.5833333333335
2017-04-12,2638.7916666666665
2017-04-13,2658.3333333333335
2017-04-14,2556.9166666666665
2017-04-15,2523.125
2017-04-16,2506.125
2017-04-17,2681.75
2017-04-18,2678.0833333333335
2017-04-19,2914.3333333333335
2017-04-20,3033.0833333333335
2017-04-21,2650.9166666666665
2017-04-22,2395.2916666666665
2017-04-23,2375.625
2017-04-24,2692.625
2017-04-25,2790.9166666666665
2017-04-26,2991.9166666666665
2017-04-27,2832.5
2017-04-28,2649.4166666666665
2017-04-29,2631.8333333333335
2017-04-30,2741.9166666666665
2017-05-01,2776.9583333333335
2017-05-02,2588.9583333333335
2017-05-03,2623.5
2017-05-04,2690.4583333333335
2017-05-05,2718.5833333333335
2017-05-06,2461.75
2017-05-07,2380.9166666666665
2017-05-08,2703.9166666666665
2017-05-09,2678.4166666666665
2017-05-10,2843.5833333333335
2017-05-11,2853.1666666666665
2017-05-12,2603.125
2017-05-13,2433.625
2017-05-14,2505.8333333333335
2017-05-15,2975.125
2017-05-16,3248.0833333333335
2017-05-17,3403.8333333333335
2017-05-18,3425.375
2017-05-19,3357.875
2017-05-20,2819.875
2017-05-21,2764.4583333333335
2017-05-22,2777.0833333333335
2017-05-23,2866.4166666666665
2017-05-24,2844.0416666666665
2017-05-25,2767.5416666666665
2017-05-26,2874.0416666666665
2017-05-27,3009.6666666666665
2017-05-28,2757.875
2017-05-29,2786.2083333333335
2017-05-30,3081.3333333333335
2017-05-31,3032.125
2017-06-01,3012.125
2017-06-02,3069.5
2017-06-03,3027.5
2017-06-04,3103.1666666666665
2017-06-05,3437.25
2017-06-06,3048.9583333333335
2017-06-07,2746.3333333333335
2017-06-08,2826.0833333333335
2017-06-09,3042.0416666666665
2017-06-10,3095.0
2017-06-11,3258.7916666666665
2017-06-12,3840.125
2017-06-13,3698.5833333333335
2017-06-14,3374.0
2017-06-15,3575.7916666666665
2017-06-16,3802.4166666666665
2017-06-17,3628.0833333333335
2017-06-18,3484.625
2017-06-19,3500.0416666666665
2017-06-20,3404.9166666666665
2017-06-21,3641.75
2017-06-22,3709.875
2017-06-23,3375.1666666666665
2017-06-24,2982.3333333333335
2017-06-25,2721.375
2017-06-26,2930.75
2017-06-27,2880.7916666666665
2017-06-28,3053.75
2017-06-29,3571.4583333333335
2017-06-30,3703.25
2017-07-01,3288.7916666666665
2017-07-02,3252.5833333333335
2017-07-03,3467.2916666666665
2017-07-04,3371.0
2017-07-05,3577.5
2017-07-06,3444.75
2017-07-07,3494.4166666666665
2017-07-08,3124.875
2017-07-09,3011.3333333333335
2017-07-10,3630.75
2017-07-11,3494.1666666666665
2017-07-12,3856.125
2017-07-13,3906.8333333333335
2017-07-14,3854.0416666666665
2017-07-15,3286.0
2017-07-16,3286.1666666666665
2017-07-17,3810.2916666666665
2017-07-18,4041.0
2017-07-19,4097.708333333333
2017-07-20,4034.2083333333335
2017-07-21,3997.125
2017-07-22,3906.0833333333335
2017-07-23,3473.9166666666665
2017-07-24,3783.5416666666665
2017-07-25,3458.9166666666665
2017-07-26,3553.9583333333335
2017-07-27,3727.75
2017-07-28,3635.4166666666665
2017-07-29,3022.7916666666665
2017-07-30,3060.7083333333335
2017-07-31,3596.5
2017-08-01,3525.875
2017-08-02,3524.625
2017-08-03,3694.0833333333335
2017-08-04,3426.0833333333335
2017-08-05,2791.125
2017-08-06,2635.0833333333335
2017-08-07,3004.2916666666665
2017-08-08,3157.7916666666665
2017-08-09,3219.125
2017-08-10,3438.875
2017-08-11,3430.25
2017-08-12,3229.4166666666665
2017-08-13,3048.7916666666665
2017-08-14,3405.5416666666665
2017-08-15,3764.5833333333335
2017-08-16,3985.0416666666665
2017-08-17,4035.625
2017-08-18,3855.2083333333335
2017-08-19,3490.8333333333335
2017-08-20,3593.0416666666665
2017-08-21,4020.0833333333335
2017-08-22,3890.7083333333335
2017-08-23,3361.4583333333335
2017-08-24,3111.0833333333335
2017-08-25,2988.5416666666665
2017-08-26,2749.0833333333335
2017-08-27,2772.5416666666665
2017-08-28,3138.5833333333335
2017-08-29,3146.1666666666665
2017-08-30,3237.0416666666665
2017-08-31,3330.375
2017-09-01,2713.75
2017-09-02,2361.5416666666665
2017-09-03,2464.0416666666665
2017-09-04,2943.9583333333335
2017-09-05,3100.25
2017-09-06,2722.6666666666665
2017-09-07,2658.5416666666665
2017-09-08,2738.625
2017-09-09,2550.5416666666665
2017-09-10,2429.25
2017-09-11,2704.9583333333335
2017-09-12,2714.5833333333335
2017-09-13,2753.2083333333335
2017-09-14,2775.5
2017-09-15,2932.6666666666665
2017-09-16,2873.5416666666665
2017-09-17,2928.9583333333335
2017-09-18,3304.625
2017-09-19,3170.8333333333335
2017-09-20,3392.9583333333335
2017-09-21,3671.0833333333335
2017-09-22,3743.625
2017-09-23,3451.9166666666665
2017-09-24,3269.8333333333335
2017-09-25,3493.7083333333335
2017-09-26,3615.0416666666665
2017-09-27,3621.75
2017-09-28,2976.5416666666665
2017-09-29,2720.3333333333335
2017-09-30,2401.0833333333335
2017-10-01,2300.4583333333335
2017-10-02,2668.125
2017-10-03,2843.9583333333335
2017-10-04,3018.3333333333335
2017-10-05,2914.0416666666665
2017-10-06,2965.7083333333335
2017-10-07,2924.9583333333335
2017-10-08,2618.4166666666665
2017-10-09,2939.3333333333335
2017-10-10,2895.8333333333335
2017-10-11,2858.8333333333335
2017-10-12,2727.7916666666665
2017-10-13,2725.125
2017-10-14,2632.9166666666665
2017-10-15,2616.5
2017-10-16,2575.2916666666665
2017-10-17,2633.2916666666665
2017-10-18,2642.625
2017-10-19,2635.6666666666665
2017-10-20,2643.7083333333335
2017-10-21,2400.7083333333335
2017-10-22,2354.625
2017-10-23,2666.75
2017-10-24,2626.1666666666665
2017-10-25,2712.8333333333335
2017-10-26,2795.2916666666665
2017-10-27,2656.4583333333335
2017-10-28,2638.375
2017-10-29,2663.0833333333335
2017-10-30,2995.0416666666665
2017-10-31,2944.0833333333335
2017-11-01,2995.5416666666665
2017-11-02,2763.1666666666665
2017-11-03,2649.0
2017-11-04,2522.2083333333335
2017-11-05,2135.8
2017-11-06,2654.1666666666665
2017-11-07,2841.5833333333335
2017-11-08,2849.5
2017-11-09,2922.0
2017-11-10,3062.0
2017-11-11,2967.125
2017-11-12,2739.3333333333335
2017-11-13,2989.0833333333335
2017-11-14,2927.4166666666665
2017-11-15,3034.25
2017-11-16,3036.5
2017-11-17,2945.375
2017-11-18,2606.0833333333335
2017-11-19,2771.4583333333335
2017-11-20,3141.2916666666665
2017-11-21,2964.0833333333335
2017-11-22,3073.7083333333335
2017-11-23,2776.4166666666665
2017-11-24,2649.625
2017-11-25,2471.5833333333335
2017-11-26,2632.9583333333335
2017-11-27,2924.75
2017-11-28,2817.6666666666665
2017-11-29,2780.5416666666665
2017-11-30,2908.25
2017-12-01,3004.25
2017-12-02,2839.25
2017-12-03,2736.2083333333335
2017-12-04,2942.8333333333335
2017-12-05,2960.5833333333335
2017-12-06,3203.4166666666665
2017-12-07,3357.3333333333335
2017-12-08,3503.2083333333335
2017-12-09,3423.5416666666665
2017-12-10,3259.2083333333335
2017-12-11,3372.125
2017-12-12,3429.9583333333335
2017-12-13,3635.8333333333335
2017-12-14,3496.9166666666665
2017-12-15,3545.3333333333335
2017-12-16,3042.0
2017-12-17,2950.375
2017-12-18,3121.0416666666665
2017-12-19,3031.625
2017-12-20,3041.25
2017-12-21,3104.5833333333335
2017-12-22,2792.7083333333335
2017-12-23,2809.875
2017-12-24,2912.8333333333335
2017-12-25,3111.0833333333335
2017-12-26,3387.9583333333335
2017-12-27,3856.2916666666665
2017-12-28,3917.4583333333335
2017-12-29,3626.9583333333335
2017-12-30,3603.6666666666665
2017-12-31,3816.0833333333335
2018-01-01,3972.7083333333335
2018-01-02,4336.208333333333
2018-01-03,4147.0
2018-01-04,4118.75
2018-01-05,4253.416666666667
2018-01-06,4121.5
2018-01-07,3765.6666666666665
2018-01-08,3501.75
2018-01-09,3316.5833333333335
2018-01-10,3119.9583333333335
2018-01-11,2867.0833333333335
2018-01-12,3183.6666666666665
2018-01-13,3637.4166666666665
2018-01-14,3646.5
2018-01-15,3787.2916666666665
2018-01-16,4037.3333333333335
2018-01-17,3804.5
2018-01-18,3930.375
2018-01-19,3584.75
2018-01-20,3073.5833333333335
2018-01-21,2755.4166666666665
2018-01-22,2881.5
2018-01-23,3049.5416666666665
2018-01-24,3334.5
2018-01-25,3334.5833333333335
2018-01-26,3042.2083333333335
2018-01-27,2724.2083333333335
2018-01-28,2646.5833333333335
2018-01-29,3229.2916666666665
2018-01-30,3421.875
2018-01-31,3289.0833333333335
2018-02-01,3157.5416666666665
2018-02-02,3601.75
2018-02-03,3397.4583333333335
2018-02-04,3079.7083333333335
2018-02-05,3542.6666666666665
2018-02-06,3427.0833333333335
2018-02-07,3486.5416666666665
2018-02-08,3546.2916666666665
2018-02-09,3260.7083333333335
2018-02-10,2928.5
2018-02-11,3043.5
2018-02-12,3292.5416666666665
2018-02-13,3334.5416666666665
2018-02-14,3010.1666666666665
2018-02-15,2771.2083333333335
2018-02-16,2856.7916666666665
2018-02-17,3020.625
2018-02-18,2795.9166666666665
2018-02-19,2813.25
2018-02-20,2679.5416666666665
2018-02-21,2730.0416666666665
2018-02-22,3031.3333333333335
2018-02-23,2858.2083333333335
2018-02-24,2596.0833333333335
2018-02-25,2589.0833333333335
2018-02-26,2892.8333333333335
2018-02-27,2885.375
2018-02-28,2820.0833333333335
2018-03-01,2830.4166666666665
2018-03-02,2933.0833333333335
2018-03-03,2775.0
2018-03-04,2724.375
2018-03-05,3069.0416666666665
2018-03-06,2880.7916666666665
2018-03-07,3119.2916666666665
2018-03-08,3348.0
2018-03-09,3194.9166666666665
2018-03-10,2845.9166666666665
2018-03-11,2841.1304347826085
2018-03-12,3150.2916666666665
2018-03-13,3296.2083333333335
2018-03-14,3366.3333333333335
2018-03-15,3086.5416666666665
2018-03-16,3055.5416666666665
2018-03-17,2918.25
2018-03-18,2679.4583333333335
2018-03-19,2855.5
2018-03-20,3099.4583333333335
2018-03-21,3327.875
2018-03-22,3189.0416666666665
2018-03-23,3034.8333333333335
2018-03-24,3012.375
2018-03-25,2851.9583333333335
2018-03-26,2991.7916666666665
2018-03-27,2826.9166666666665
2018-03-28,2775.25
2018-03-29,2762.9166666666665
2018-03-30,2742.625
2018-03-31,2656.7916666666665
2018-04-01,2450.3333333333335
2018-04-02,2982.7083333333335
2018-04-03,2867.2916666666665
2018-04-04,3024.4583333333335
2018-04-05,2726.375
2018-04-06,2834.9166666666665
2018-04-07,2864.875
2018-04-08,2795.8333333333335
2018-04-09,3056.7083333333335
2018-04-10,3006.5833333333335
2018-04-11,2900.0833333333335
2018-04-12,2707.9583333333335
2018-04-13,2671.5416666666665
2018-04-14,2462.75
2018-04-15,2406.625
2018-04-16,3010.0833333333335
2018-04-17,3079.875
2018-04-18,2895.75
2018-04-19,2854.6666666666665
2018-04-20,2786.1666666666665
2018-04-21,2523.0416666666665
2018-04-22,1219.0
2018-04-23,2629.125
2018-04-24,1531.5833333333333
2018-04-25,2631.125
2018-04-26,2680.4583333333335
2018-04-27,2647.7916666666665
2018-04-28,2466.2083333333335
2018-04-29,2451.75
2018-04-30,2666.4166666666665
2018-05-01,2662.9166666666665
2018-05-02,2891.875
2018-05-03,3120.2083333333335
2018-05-04,3051.3333333333335
2018-05-05,2485.75
2018-05-06,2454.7916666666665
2018-05-07,2737.125
2018-05-08,2794.75
2018-05-09,2914.5
2018-05-10,3108.5833333333335
2018-05-11,3180.375
2018-05-12,3178.4166666666665
2018-05-13,3196.75
2018-05-14,3686.5833333333335
2018-05-15,3731.2083333333335
2018-05-16,3270.7916666666665
2018-05-17,3212.25
2018-05-18,3035.7916666666665
2018-05-19,2861.375
2018-05-20,3060.0
2018-05-21,3446.3333333333335
2018-05-22,3465.2083333333335
2018-05-23,3308.0416666666665
2018-05-24,3261.75
2018-05-25,3375.9166666666665
2018-05-26,3191.6666666666665
2018-05-27,3282.5
2018-05-28,3486.2916666666665
2018-05-29,3683.7916666666665
2018-05-30,3748.1666666666665
2018-05-31,3636.4583333333335
2018-06-01,3360.125
2018-06-02,3189.375
2018-06-03,3116.125
2018-06-04,3042.0
2018-06-05,3044.4166666666665
2018-06-06,3068.2083333333335
2018-06-07,3270.8333333333335
2018-06-08,3585.375
2018-06-09,3322.625
2018-06-10,3109.5
2018-06-11,3228.0416666666665
2018-06-12,3294.0416666666665
2018-06-13,3567.875
2018-06-14,3420.375
2018-06-15,3531.7083333333335
2018-06-16,3596.9583333333335
2018-06-17,3885.9583333333335
2018-06-18,4342.0
2018-06-19,4328.958333333333
2018-06-20,4079.625
2018-06-21,3561.3333333333335
2018-06-22,3416.9166666666665
2018-06-23,3036.0833333333335
2018-06-24,3244.2083333333335
2018-06-25,3236.875
2018-06-26,3174.8333333333335
2018-06-27,3399.9583333333335
2018-06-28,3744.5416666666665
2018-06-29,3945.7916666666665
2018-06-30,3915.5416666666665
2018-07-01,3806.1666666666665
2018-07-02,3885.9166666666665
2018-07-03,3783.625
2018-07-04,3822.5416666666665
2018-07-05,4179.583333333333
2018-07-06,3688.9583333333335
2018-07-07,3030.5
2018-07-08,3203.9166666666665
2018-07-09,3931.4583333333335
2018-07-10,4120.75
2018-07-11,3897.1666666666665
2018-07-12,3637.4166666666665
2018-07-13,3781.625
2018-07-14,3786.3333333333335
2018-07-15,3657.75
2018-07-16,3998.0833333333335
2018-07-17,3936.75
2018-07-18,3650.0416666666665
2018-07-19,3637.1666666666665
2018-07-20,3180.625
2018-07-21,2880.4583333333335
2018-07-22,3011.5
2018-07-23,3246.0
2018-07-24,3377.5416666666665
2018-07-25,3637.0
2018-07-26,3725.3333333333335
2018-07-27,3524.9166666666665
2018-07-28,3096.3333333333335
2018-07-29,3035.5
2018-07-30,3359.3333333333335
2018-07-31,3405.25
2018-08-01,3345.375
2018-08-02,3471.0833333333335
2018-08-03,3281.0
