Datetime,EKPC
2013-06-01,1323.695652173913
2013-06-02,1225.125
2013-06-03,1237.9166666666667
2013-06-04,1228.25
2013-06-05,1290.0833333333333
2013-06-06,1301.1666666666667
2013-06-07,1259.9583333333333
2013-06-08,1233.9583333333333
2013-06-09,1197.75
2013-06-10,1284.625
2013-06-11,1390.1666666666667
2013-06-12,1560.0833333333333
2013-06-13,1512.6666666666667
2013-06-14,1296.6666666666667
2013-06-15,1333.75
2013-06-16,1296.1666666666667
2013-06-17,1445.625
2013-06-18,1370.1666666666667
2013-06-19,1397.875
2013-06-20,1429.625
2013-06-21,1471.7916666666667
2013-06-22,1496.25
2013-06-23,1465.9583333333333
2013-06-24,1491.5416666666667
2013-06-25,1572.875
2013-06-26,1509.6666666666667
2013-06-27,1477.625
2013-06-28,1504.8333333333333
2013-06-29,1374.5416666666667
2013-06-30,1320.5
2013-07-01,1333.125
2013-07-02,1341.2916666666667
2013-07-03,1321.375
2013-07-04,1178.5833333333333
2013-07-05,1216.8333333333333
2013-07-06,1201.5416666666667
2013-07-07,1321.2083333333333
2013-07-08,1544.625
2013-07-09,1649.5416666666667
2013-07-10,1546.7916666666667
2013-07-11,1464.75
2013-07-12,1369.0833333333333
2013-07-13,1311.0833333333333
2013-07-14,1475.6666666666667
2013-07-15,1640.9583333333333
2013-07-16,1717.0833333333333
2013-07-17,1707.7083333333333
2013-07-18,1723.75
2013-07-19,1673.75
2013-07-20,1638.75
2013-07-21,1492.0416666666667
2013-07-22,1453.0
2013-07-23,1552.5416666666667
2013-07-24,1386.2083333333333
2013-07-25,1373.0833333333333
2013-07-26,1376.3333333333333
2013-07-27,1291.9583333333333
2013-07-28,1217.7083333333333
2013-07-29,1310.0
2013-07-30,1300.1666666666667
2013-07-31,1277.6666666666667
2013-08-01,1383.2083333333333
2013-08-02,1376.4166666666667
2013-08-03,1403.0416666666667
2013-08-04,1344.1666666666667
2013-08-05,1365.2083333333333
2013-08-06,1434.4583333333333
2013-08-07,1467.0
2013-08-08,1527.2083333333333
2013-08-09,1515.7916666666667
2013-08-10,1445.2916666666667
2013-08-11,1487.7916666666667
2013-08-12,1490.0833333333333
2013-08-13,1423.1666666666667
2013-08-14,1238.7083333333333
2013-08-15,1236.4583333333333
2013-08-16,1282.5416666666667
2013-08-17,1289.125
2013-08-18,1270.125
2013-08-19,1427.75
2013-08-20,1459.125
2013-08-21,1422.9583333333333
2013-08-22,1509.7083333333333
2013-08-23,1487.25
2013-08-24,1436.7083333333333
2013-08-25,1393.5833333333333
2013-08-26,1507.9583333333333
2013-08-27,1564.7083333333333
2013-08-28,1657.5416666666667
2013-08-29,1652.75
2013-08-30,1606.25
2013-08-31,1525.6666666666667
2013-09-01,1399.125
2013-09-02,1461.1666666666667
2013-09-03,1383.75
2013-09-04,1317.75
2013-09-05,1354.9166666666667
2013-09-06,1375.75
2013-09-07,1362.2083333333333
2013-09-08,1446.3333333333333
2013-09-09,1575.5833333333333
2013-09-10,1557.9166666666667
2013-09-11,1447.6666666666667
2013-09-12,1353.25
2013-09-13,1203.375
2013-09-14,1074.7916666666667
2013-09-15,1108.625
2013-09-16,1181.5
2013-09-17,1205.875
2013-09-18,1122.75
2013-09-19,1198.625
2013-09-20,1333.4583333333333
2013-09-21,1180.1666666666667
2013-09-22,1082.625
2013-09-23,1149.8333333333333
2013-09-24,1194.75
2013-09-25,1155.5833333333333
2013-09-26,1204.0
2013-09-27,1182.0416666666667
2013-09-28,1142.5416666666667
2013-09-29,601.9583333333334
2013-09-30,1172.0416666666667
2013-10-01,1227.0
2013-10-02,1261.8333333333333
2013-10-03,1289.2083333333333
2013-10-04,1206.0416666666667
2013-10-05,1142.6666666666667
2013-10-06,1043.9166666666667
2013-10-07,981.625
2013-10-08,997.7916666666666
2013-10-09,1020.375
2013-10-10,1086.875
2013-10-11,1126.3333333333333
2013-10-12,1093.1666666666667
2013-10-13,1090.7083333333333
2013-10-14,1139.3333333333333
2013-10-15,1146.125
2013-10-16,1128.5
2013-10-17,1142.75
2013-10-18,1168.75
2013-10-19,1201.5833333333333
2013-10-20,1264.875
2013-10-21,1290.4583333333333
2013-10-22,1263.2083333333333
2013-10-23,1379.4583333333333
2013-10-24,1514.5833333333333
2013-10-25,1526.1666666666667
2013-10-26,1541.5416666666667
2013-10-27,1283.4583333333333
2013-10-28,1242.375
2013-10-29,1169.0416666666667
2013-10-30,1152.2916666666667
2013-10-31,1123.9583333333333
2013-11-01,1083.2916666666667
2013-11-02,1156.5833333333333
2013-11-03,1308.391304347826
2013-11-04,1383.25
2013-11-05,1258.75
2013-11-06,1184.6666666666667
2013-11-07,1303.0416666666667
2013-11-08,1466.375
2013-11-09,1412.1666666666667
2013-11-10,1321.7083333333333
2013-11-11,1483.9583333333333
2013-11-12,1641.5416666666667
2013-11-13,1807.9166666666667
2013-11-14,1699.9583333333333
2013-11-15,1522.9583333333333
2013-11-16,1262.0416666666667
2013-11-17,1146.9166666666667
2013-11-18,1285.2916666666667
2013-11-19,1560.5
2013-11-20,1528.8333333333333
2013-11-21,1397.0
2013-11-22,1270.75
2013-11-23,1549.3333333333333
2013-11-24,1943.9583333333333
2013-11-25,1895.25
2013-11-26,1796.4583333333333
2013-11-27,1960.9583333333333
2013-11-28,1913.125
2013-11-29,1747.2916666666667
2013-11-30,1663.4583333333333
2013-12-01,1558.4583333333333
2013-12-02,1489.3333333333333
2013-12-03,1403.375
2013-12-04,1253.6666666666667
2013-12-05,1284.5416666666667
2013-12-06,1797.4166666666667
2013-12-07,1953.125
2013-12-08,1927.5833333333333
2013-12-09,1841.7916666666667
2013-12-10,1980.5833333333333
2013-12-11,2016.0416666666667
2013-12-12,2082.1666666666665
2013-12-13,1959.5833333333333
2013-12-14,1676.125
2013-12-15,1912.5416666666667
2013-12-16,1838.5833333333333
2013-12-17,1761.7916666666667
2013-12-18,1817.4166666666667
2013-12-19,1637.125
2013-12-20,1407.6666666666667
2013-12-21,1191.4583333333333
2013-12-22,1164.0833333333333
2013-12-23,1614.4166666666667
2013-12-24,1835.1666666666667
2013-12-25,1823.5
2013-12-26,1642.125
2013-12-27,1768.875
2013-12-28,1675.875
2013-12-29,1514.7916666666667
2013-12-30,1853.2083333333333
2013-12-31,1892.1666666666667
2014-01-01,1723.75
2014-01-02,1958.4166666666667
2014-01-03,2391.9583333333335
2014-01-04,2079.125
2014-01-05,1662.2083333333333
2014-01-06,2760.9166666666665
2014-01-07,2987.2083333333335
2014-01-08,2404.25
2014-01-09,1896.75
2014-01-10,1611.8333333333333
2014-01-11,1435.7916666666667
2014-01-12,1600.2083333333333
2014-01-13,1627.125
2014-01-14,1534.875
2014-01-15,1897.7916666666667
2014-01-16,2124.0416666666665
2014-01-17,2077.5416666666665
2014-01-18,2161.7083333333335
2014-01-19,1791.875
2014-01-20,1687.2083333333333
2014-01-21,2131.25
2014-01-22,2655.2916666666665
2014-01-23,2638.625
2014-01-24,2824.75
2014-01-25,2297.7916666666665
2014-01-26,2051.8333333333335
2014-01-27,2135.4166666666665
2014-01-28,2773.7916666666665
2014-01-29,2737.5833333333335
2014-01-30,2450.0416666666665
2014-01-31,1905.25
2014-02-01,1487.125
2014-02-02,1585.2916666666667
2014-02-03,1984.0
2014-02-04,2047.375
2014-02-05,2029.5416666666667
2014-02-06,2131.875
2014-02-07,2308.8333333333335
2014-02-08,2120.2083333333335
2014-02-09,1957.5416666666667
2014-02-10,2171.9166666666665
2014-02-11,2345.5416666666665
2014-02-12,2245.75
2014-02-13,1918.6666666666667
2014-02-14,1811.25
2014-02-15,2037.0416666666667
2014-02-16,1888.7916666666667
2014-02-17,1925.0833333333333
2014-02-18,1599.9583333333333
2014-02-19,1321.0416666666667
2014-02-20,1369.7083333333333
2014-02-21,1388.3333333333333
2014-02-22,1468.5
2014-02-23,1455.7083333333333
2014-02-24,1798.8333333333333
2014-02-25,1807.9166666666667
2014-02-26,2000.4166666666667
2014-02-27,2124.7083333333335
2014-02-28,1989.5
2014-03-01,1505.7916666666667
2014-03-02,1619.0833333333333
2014-03-03,2255.875
2014-03-04,2235.0
2014-03-05,1878.3333333333333
2014-03-06,1802.5
2014-03-07,1578.25
2014-03-08,1438.875
2014-03-09,1410.5652173913043
2014-03-10,1477.25
2014-03-11,1279.75
2014-03-12,1392.625
2014-03-13,1775.2083333333333
2014-03-14,1550.3333333333333
2014-03-15,1241.75
2014-03-16,1592.7083333333333
2014-03-17,1863.0
2014-03-18,1557.75
2014-03-19,1346.2916666666667
2014-03-20,1418.2083333333333
2014-03-21,1357.0
2014-03-22,1204.0833333333333
2014-03-23,1418.2083333333333
2014-03-24,1678.125
2014-03-25,1783.0
2014-03-26,1800.7916666666667
2014-03-27,1610.4583333333333
2014-03-28,1233.2083333333333
2014-03-29,1370.9166666666667
2014-03-30,1450.9583333333333
2014-03-31,1396.9166666666667
2014-04-01,1172.8333333333333
2014-04-02,1151.0
2014-04-03,1145.625
2014-04-04,1152.8333333333333
2014-04-05,1278.9583333333333
2014-04-06,1272.375
2014-04-07,1227.875
2014-04-08,1262.4583333333333
2014-04-09,1194.75
2014-04-10,1249.7083333333333
2014-04-11,1085.9166666666667
2014-04-12,1080.25
2014-04-13,1063.0
2014-04-14,1142.3333333333333
2014-04-15,1422.7083333333333
2014-04-16,1551.9166666666667
2014-04-17,1335.5416666666667
2014-04-18,1134.4583333333333
2014-04-19,1085.2916666666667
2014-04-20,1083.4166666666667
2014-04-21,1152.8333333333333
2014-04-22,1147.1666666666667
2014-04-23,1126.0416666666667
2014-04-24,1217.0416666666667
2014-04-25,1126.75
2014-04-26,1110.2083333333333
2014-04-27,1105.75
2014-04-28,1145.5
2014-04-29,1161.625
2014-04-30,1151.8333333333333
2014-05-01,1178.2083333333333
2014-05-02,1168.5833333333333
2014-05-03,1139.9583333333333
2014-05-04,1117.2916666666667
2014-05-05,1205.875
2014-05-06,1239.4166666666667
2014-05-07,1232.2083333333333
2014-05-08,1310.25
2014-05-09,1209.0
2014-05-10,1131.0416666666667
2014-05-11,1185.5833333333333
2014-05-12,1405.625
2014-05-13,1426.5416666666667
2014-05-14,1303.2083333333333
2014-05-15,1164.3333333333333
2014-05-16,1190.375
2014-05-17,1172.0
2014-05-18,1149.9166666666667
2014-05-19,1198.7916666666667
2014-05-20,1226.875
2014-05-21,1223.375
2014-05-22,1345.9166666666667
2014-05-23,1229.6666666666667
2014-05-24,1160.3333333333333
2014-05-25,1134.5
2014-05-26,1280.625
2014-05-27,1436.75
2014-05-28,1411.4166666666667
2014-05-29,1412.2083333333333
2014-05-30,1425.4583333333333
2014-05-31,1321.7916666666667
2014-06-01,1339.375
2014-06-02,1404.9166666666667
2014-06-03,1440.5833333333333
2014-06-04,1407.2916666666667
2014-06-05,1310.7083333333333
2014-06-06,1336.0416666666667
2014-06-07,1295.9583333333333
2014-06-08,1217.6666666666667
2014-06-09,1233.3333333333333
2014-06-10,1338.0
2014-06-11,1292.2916666666667
2014-06-12,1347.7916666666667
2014-06-13,1302.5
2014-06-14,1208.9166666666667
2014-06-15,1321.75
2014-06-16,1572.125
2014-06-17,1639.875
2014-06-18,1645.4166666666667
2014-06-19,1686.125
2014-06-20,1581.2083333333333
2014-06-21,1508.5
2014-06-22,1519.4583333333333
2014-06-23,1651.6666666666667
2014-06-24,1564.3333333333333
2014-06-25,1533.75
2014-06-26,1570.7083333333333
2014-06-27,1587.8333333333333
2014-06-28,1454.5833333333333
2014-06-29,1456.5833333333333
2014-06-30,1572.5416666666667
2014-07-01,1703.9583333333333
2014-07-02,1569.9583333333333
2014-07-03,1354.7916666666667
2014-07-04,1197.7083333333333
2014-07-05,1226.75
2014-07-06,1351.4583333333333
2014-07-07,1551.3333333333333
2014-07-08,1575.875
2014-07-09,1509.25
2014-07-10,1486.4583333333333
2014-07-11,1535.25
2014-07-12,1506.2916666666667
2014-07-13,1619.1666666666667
2014-07-14,1571.625
2014-07-15,1409.0416666666667
2014-07-16,1267.375
2014-07-17,1289.2083333333333
2014-07-18,1190.4166666666667
2014-07-19,1179.875
2014-07-20,1347.4583333333333
2014-07-21,1577.2083333333333
2014-07-22,1683.75
2014-07-23,1607.25
2014-07-24,1413.0416666666667
2014-07-25,1344.2083333333333
2014-07-26,1426.4166666666667
2014-07-27,1385.5
2014-07-28,1341.3333333333333
2014-07-29,1223.0
2014-07-30,1294.4166666666667
2014-07-31,1396.0416666666667
2014-08-01,1427.4166666666667
2014-08-02,1380.5416666666667
2014-08-03,1348.125
2014-08-04,1465.7083333333333
2014-08-05,1479.625
2014-08-06,1508.4166666666667
2014-08-07,1472.375
2014-08-08,1342.0833333333333
2014-08-09,1386.0416666666667
2014-08-10,1444.8333333333333
2014-08-11,1480.375
2014-08-12,1454.625
2014-08-13,1306.4583333333333
2014-08-14,1363.4166666666667
2014-08-15,1349.4166666666667
2014-08-16,1294.75
2014-08-17,1290.5
2014-08-18,1442.6666666666667
2014-08-19,1558.7083333333333
2014-08-20,1524.2916666666667
2014-08-21,1555.75
2014-08-22,1664.375
2014-08-23,1626.4166666666667
2014-08-24,1596.1666666666667
2014-08-25,1663.9166666666667
2014-08-26,1636.3333333333333
2014-08-27,1601.0833333333333
2014-08-28,1610.2916666666667
2014-08-29,1604.5
2014-08-30,1423.2916666666667
2014-08-31,1340.7916666666667
2014-09-01,1516.0833333333333
2014-09-02,1538.875
2014-09-03,1507.8333333333333
2014-09-04,1579.5416666666667
2014-09-05,1608.625
2014-09-06,1522.9166666666667
2014-09-07,1249.0833333333333
2014-09-08,1338.5
2014-09-09,1419.0416666666667
2014-09-10,1432.7916666666667
2014-09-11,1395.4583333333333
2014-09-12,1180.875
2014-09-13,1096.2916666666667
2014-09-14,1082.75
2014-09-15,1162.7916666666667
2014-09-16,1070.125
2014-09-17,1046.4166666666667
2014-09-18,1061.0833333333333
2014-09-19,1064.8333333333333
2014-09-20,1100.375
2014-09-21,1103.625
2014-09-22,1029.5833333333333
2014-09-23,1043.0
2014-09-24,1118.1666666666667
2014-09-25,1195.9583333333333
2014-09-26,1208.8333333333333
2014-09-27,1228.9583333333333
2014-09-28,1210.0416666666667
2014-09-29,1309.1666666666667
2014-09-30,1280.0
2014-10-01,1246.375
2014-10-02,1299.8333333333333
2014-10-03,1205.75
2014-10-04,1079.625
2014-10-05,1185.1666666666667
2014-10-06,1180.3333333333333
2014-10-07,1179.4583333333333
2014-10-08,1098.9166666666667
2014-10-09,1164.8333333333333
2014-10-10,1161.875
2014-10-11,1133.0833333333333
2014-10-12,1120.4583333333333
2014-10-13,1194.875
2014-10-14,1171.8333333333333
2014-10-15,1160.5
2014-10-16,1176.5416666666667
2014-10-17,1194.9583333333333
2014-10-18,1143.0
2014-10-19,1164.0833333333333
2014-10-20,1277.0833333333333
2014-10-21,1257.25
2014-10-22,1255.25
2014-10-23,1276.875
2014-10-24,1253.7083333333333
2014-10-25,1202.8333333333333
2014-10-26,1112.0416666666667
2014-10-27,1223.1666666666667
2014-10-28,1180.5416666666667
2014-10-29,1196.25
2014-10-30,1332.625
2014-10-31,1442.2916666666667
2014-11-01,1639.5416666666667
2014-11-02,1567.68
2014-11-03,1476.6666666666667
2014-11-04,1335.9583333333333
2014-11-05,1230.25
2014-11-06,1344.5833333333333
2014-11-07,1463.5
2014-11-08,1486.2083333333333
2014-11-09,1324.4166666666667
2014-11-10,1404.5
2014-11-11,1290.5833333333333
2014-11-12,1587.5416666666667
2014-11-13,1825.25
2014-11-14,1945.1666666666667
2014-11-15,1923.9583333333333
2014-11-16,1651.5
2014-11-17,1881.625
2014-11-18,2244.125
2014-11-19,2006.9583333333333
2014-11-20,1763.7916666666667
2014-11-21,1906.4166666666667
2014-11-22,1574.5833333333333
2014-11-23,1364.0
2014-11-24,1294.2916666666667
2014-11-25,1547.125
2014-11-26,1642.9166666666667
2014-11-27,1744.5833333333333
2014-11-28,1766.0
2014-11-29,1556.375
2014-11-30,1228.0
2014-12-01,1408.1666666666667
2014-12-02,1624.7083333333333
2014-12-03,1572.1666666666667
2014-12-04,1789.5
2014-12-05,1443.75
2014-12-06,1408.875
2014-12-07,1572.0833333333333
2014-12-08,1652.6666666666667
2014-12-09,1661.2916666666667
2014-12-10,1747.9166666666667
2014-12-11,1761.0416666666667
2014-12-12,1854.6666666666667
2014-12-13,1683.75
2014-12-14,1542.75
2014-12-15,1542.7916666666667
2014-12-16,1516.375
2014-12-17,1723.4166666666667
2014-12-18,1916.5833333333333
2014-12-19,1842.1666666666667
2014-12-20,1833.4166666666667
2014-12-21,1818.2916666666667
2014-12-22,1593.9166666666667
2014-12-23,1377.9166666666667
2014-12-24,1217.0833333333333
2014-12-25,1401.625
2014-12-26,1526.0
2014-12-27,1371.3333333333333
2014-12-28,1467.4166666666667
2014-12-29,1713.4583333333333
2014-12-30,1830.9166666666667
2014-12-31,1979.125
2015-01-01,1872.2083333333333
2015-01-02,1569.3333333333333
2015-01-03,1414.6666666666667
2015-01-04,1395.2083333333333
2015-01-05,2015.9583333333333
2015-01-06,1964.3333333333333
2015-01-07,2405.3333333333335
2015-01-08,2723.1666666666665
2015-01-09,2197.4166666666665
2015-01-10,2357.9166666666665
2015-01-11,1987.5833333333333
2015-01-12,1724.2083333333333
2015-01-13,2019.2916666666667
2015-01-14,1977.9166666666667
2015-01-15,1921.1666666666667
2015-01-16,1797.625
2015-01-17,1691.9583333333333
2015-01-18,1500.25
2015-01-19,1647.7083333333333
2015-01-20,1485.25
2015-01-21,1457.2916666666667
2015-01-22,1750.8333333333333
2015-01-23,1824.25
2015-01-24,1787.1666666666667
2015-01-25,1673.5
2015-01-26,1896.2916666666667
2015-01-27,1905.5
2015-01-28,1937.5
2015-01-29,1686.5833333333333
2015-01-30,1806.7916666666667
2015-01-31,1903.4583333333333
2015-02-01,1644.4583333333333
2015-02-02,1960.25
2015-02-03,1868.0833333333333
2015-02-04,1644.7083333333333
2015-02-05,1904.2916666666667
2015-02-06,2107.1666666666665
2015-02-07,1591.1666666666667
2015-02-08,1368.875
2015-02-09,1517.4166666666667
2015-02-10,1896.875
2015-02-11,1836.0
2015-02-12,1994.375
2015-02-13,2068.8333333333335
2015-02-14,2009.9583333333333
2015-02-15,2386.4583333333335
2015-02-16,2422.0416666666665
2015-02-17,2357.3333333333335
2015-02-18,2483.5416666666665
2015-02-19,2931.7916666666665
2015-02-20,2876.25
2015-02-21,2079.9166666666665
2015-02-22,1896.7083333333333
2015-02-23,2175.0833333333335
2015-02-24,2292.4583333333335
2015-02-25,1980.25
2015-02-26,1937.0
2015-02-27,2218.1666666666665
2015-02-28,2051.375
2015-03-01,1739.25
2015-03-02,1755.25
2015-03-03,1623.4166666666667
2015-03-04,1527.7083333333333
2015-03-05,2138.4166666666665
2015-03-06,2324.5833333333335
2015-03-07,1915.5416666666667
2015-03-08,1569.2173913043478
2015-03-09,1475.4583333333333
2015-03-10,1376.2916666666667
2015-03-11,1210.9583333333333
2015-03-12,1264.4166666666667
2015-03-13,1297.2916666666667
2015-03-14,1264.75
2015-03-15,1252.0
2015-03-16,1254.125
2015-03-17,1197.375
2015-03-18,1434.5416666666667
2015-03-19,1497.625
2015-03-20,1441.7083333333333
2015-03-21,1277.625
2015-03-22,1239.8333333333333
2015-03-23,1370.8333333333333
2015-03-24,1402.75
2015-03-25,1258.75
2015-03-26,1260.4583333333333
2015-03-27,1575.5
2015-03-28,1678.75
2015-03-29,1628.0833333333333
2015-03-30,1276.625
2015-03-31,1278.9166666666667
2015-04-01,1153.625
2015-04-02,1183.625
2015-04-03,1120.8333333333333
2015-04-04,1208.0833333333333
2015-04-05,1248.625
2015-04-06,1190.5833333333333
2015-04-07,1084.0833333333333
2015-04-08,1041.4583333333333
2015-04-09,1064.2916666666667
2015-04-10,1103.4583333333333
2015-04-11,1122.7916666666667
2015-04-12,1153.2083333333333
2015-04-13,1052.375
2015-04-14,1030.4166666666667
2015-04-15,1041.6666666666667
2015-04-16,1036.5
2015-04-17,1093.625
2015-04-18,1100.9583333333333
2015-04-19,1078.1666666666667
2015-04-20,1127.5
2015-04-21,1196.4583333333333
2015-04-22,1198.875
2015-04-23,1273.875
2015-04-24,1260.0833333333333
2015-04-25,1153.4166666666667
2015-04-26,1130.75
2015-04-27,1222.3333333333333
2015-04-28,1207.5833333333333
2015-04-29,1186.4166666666667
2015-04-30,1180.375
2015-05-01,1199.75
2015-05-02,1108.1666666666667
2015-05-03,1090.5416666666667
2015-05-04,1195.0
2015-05-05,1243.9583333333333
2015-05-06,1237.9166666666667
2015-05-07,1327.5416666666667
2015-05-08,1353.375
2015-05-09,1335.625
2015-05-10,1335.75
2015-05-11,1356.4583333333333
2015-05-12,1209.4583333333333
2015-05-13,1133.7916666666667
2015-05-14,1156.0
2015-05-15,1284.4583333333333
2015-05-16,1212.8333333333333
2015-05-17,1291.0416666666667
2015-05-18,1309.25
2015-05-19,1218.75
2015-05-20,1169.1666666666667
2015-05-21,1131.875
2015-05-22,1156.0833333333333
2015-05-23,1129.7916666666667
2015-05-24,1134.1666666666667
2015-05-25,1230.25
2015-05-26,1250.3333333333333
2015-05-27,1198.9166666666667
2015-05-28,1185.375
2015-05-29,1341.875
2015-05-30,1390.0
2015-05-31,1287.75
2015-06-01,1157.9583333333333
2015-06-02,1138.0833333333333
2015-06-03,1067.0416666666667
2015-06-04,1273.9583333333333
2015-06-05,1363.0416666666667
2015-06-06,1326.0833333333333
2015-06-07,1389.1666666666667
2015-06-08,1368.875
2015-06-09,1313.5
2015-06-10,1378.9166666666667
2015-06-11,1462.2916666666667
2015-06-12,1537.0416666666667
2015-06-13,1519.0833333333333
2015-06-14,1566.4583333333333
2015-06-15,1663.1666666666667
2015-06-16,1619.9166666666667
2015-06-17,1493.2916666666667
2015-06-18,1467.2083333333333
2015-06-19,1377.4583333333333
2015-06-20,1328.7916666666667
2015-06-21,1460.2916666666667
2015-06-22,1590.6666666666667
2015-06-23,1699.875
2015-06-24,1544.75
2015-06-25,1422.6666666666667
2015-06-26,1471.8333333333333
2015-06-27,1275.5416666666667
2015-06-28,1221.875
2015-06-29,1292.7916666666667
2015-06-30,1338.7083333333333
2015-07-01,1300.3333333333333
2015-07-02,1287.375
2015-07-03,1154.625
2015-07-04,1181.25
2015-07-05,1217.4166666666667
2015-07-06,1456.375
2015-07-07,1482.3333333333333
2015-07-08,1351.9583333333333
2015-07-09,1402.375
2015-07-10,1435.5
2015-07-11,1373.5
2015-07-12,1431.2083333333333
2015-07-13,1539.25
2015-07-14,1515.0833333333333
2015-07-15,1330.5
2015-07-16,1393.8333333333333
2015-07-17,1562.4583333333333
2015-07-18,1677.0
2015-07-19,1652.7083333333333
2015-07-20,1655.5833333333333
2015-07-21,1562.9166666666667
2015-07-22,1428.75
2015-07-23,1410.0416666666667
2015-07-24,1499.2083333333333
2015-07-25,1496.7916666666667
2015-07-26,1571.0
2015-07-27,1672.0
2015-07-28,1639.7916666666667
2015-07-29,1625.2916666666667
2015-07-30,1630.1666666666667
2015-07-31,1511.2083333333333
2015-08-01,1472.9583333333333
2015-08-02,1450.25
2015-08-03,1556.6666666666667
2015-08-04,1512.375
2015-08-05,1419.9166666666667
2015-08-06,1335.5833333333333
2015-08-07,1320.7916666666667
2015-08-08,1394.6666666666667
2015-08-09,1480.375
2015-08-10,1545.7083333333333
2015-08-11,1552.5
2015-08-12,1353.9583333333333
2015-08-13,1370.0416666666667
2015-08-14,1377.4166666666667
2015-08-15,1429.875
2015-08-16,1491.375
2015-08-17,1432.875
2015-08-18,1416.5833333333333
2015-08-19,1414.2916666666667
2015-08-20,1308.1666666666667
2015-08-21,1284.4583333333333
2015-08-22,1313.9583333333333
2015-08-23,1448.7083333333333
2015-08-24,1426.2083333333333
2015-08-25,1170.9583333333333
2015-08-26,1139.9166666666667
2015-08-27,1247.0416666666667
2015-08-28,1308.1666666666667
2015-08-29,1389.6666666666667
2015-08-30,1385.0833333333333
2015-08-31,1490.0
2015-09-01,1455.125
2015-09-02,1461.0
2015-09-03,1560.7916666666667
2015-09-04,1569.125
2015-09-05,1547.375
2015-09-06,1490.9166666666667
2015-09-07,1444.9583333333333
2015-09-08,1466.6666666666667
2015-09-09,1364.375
2015-09-10,1392.75
2015-09-11,1318.1666666666667
2015-09-12,1114.9166666666667
2015-09-13,1054.1666666666667
2015-09-14,1148.25
2015-09-15,1139.9166666666667
2015-09-16,1153.7916666666667
2015-09-17,1267.2916666666667
2015-09-18,1309.2083333333333
2015-09-19,1261.625
2015-09-20,1136.6666666666667
2015-09-21,1176.9166666666667
2015-09-22,1203.4166666666667
2015-09-23,1184.7083333333333
2015-09-24,1183.0416666666667
2015-09-25,1139.4166666666667
2015-09-26,1102.4583333333333
2015-09-27,1164.125
2015-09-28,1298.625
2015-09-29,1264.0416666666667
2015-09-30,1170.9583333333333
2015-10-01,1124.375
2015-10-02,1143.8333333333333
2015-10-03,1194.3333333333333
2015-10-04,1092.125
2015-10-05,1113.9166666666667
2015-10-06,1096.6666666666667
2015-10-07,1106.1666666666667
2015-10-08,1126.9583333333333
2015-10-09,1073.7083333333333
2015-10-10,1047.7916666666667
2015-10-11,1085.0833333333333
2015-10-12,1172.875
2015-10-13,1115.875
2015-10-14,1050.6666666666667
2015-10-15,1076.5
2015-10-16,1050.75
2015-10-17,1192.2083333333333
2015-10-18,1270.7916666666667
2015-10-19,1307.8333333333333
2015-10-20,1122.7916666666667
2015-10-21,1097.0833333333333
2015-10-22,1108.125
2015-10-23,1136.7083333333333
2015-10-24,1078.625
2015-10-25,1059.7916666666667
2015-10-26,1165.7083333333333
2015-10-27,1132.7083333333333
2015-10-28,1050.3333333333333
2015-10-29,1083.5833333333333
2015-10-30,1284.8333333333333
2015-10-31,1255.7083333333333
2015-11-01,1100.12
2015-11-02,1112.125
2015-11-03,1184.2083333333333
2015-11-04,1132.9166666666667
2015-11-05,1106.9583333333333
2015-11-06,1108.5416666666667
2015-11-07,1129.7916666666667
2015-11-08,1260.875
2015-11-09,1348.4166666666667
2015-11-10,1305.5833333333333
2015-11-11,1378.125
2015-11-12,1187.0
2015-11-13,1346.4583333333333
2015-11-14,1426.5416666666667
2015-11-15,1372.5833333333333
2015-11-16,1401.375
2015-11-17,1267.375
2015-11-18,1106.1666666666667
2015-11-19,1162.8333333333333
2015-11-20,1439.0833333333333
2015-11-21,1465.75
2015-11-22,1645.5833333333333
2015-11-23,1780.2916666666667
2015-11-24,1576.2916666666667
2015-11-25,1452.625
2015-11-26,1129.625
2015-11-27,1019.3333333333334
2015-11-28,1108.0833333333333
2015-11-29,1236.375
2015-11-30,1362.2083333333333
2015-12-01,1295.1666666666667
2015-12-02,1443.25
2015-12-03,1650.125
2015-12-04,1708.7916666666667
2015-12-05,1653.0833333333333
2015-12-06,1576.9583333333333
2015-12-07,1490.7916666666667
2015-12-08,1520.2916666666667
2015-12-09,1501.125
2015-12-10,1422.0833333333333
2015-12-11,1264.75
2015-12-12,1164.2916666666667
2015-12-13,1184.2916666666667
2015-12-14,1259.875
2015-12-15,1358.625
2015-12-16,1333.9166666666667
2015-12-17,1388.75
2015-12-18,1826.0833333333333
2015-12-19,1797.625
2015-12-20,1737.5416666666667
2015-12-21,1496.625
2015-12-22,1281.5
2015-12-23,1227.7916666666667
2015-12-24,1025.25
2015-12-25,1031.1666666666667
2015-12-26,1084.5416666666667
2015-12-27,1105.0
2015-12-28,1348.4166666666667
2015-12-29,1331.6666666666667
2015-12-30,1449.2083333333333
2015-12-31,1514.625
2016-01-01,1545.0416666666667
2016-01-02,1677.7083333333333
2016-01-03,1685.75
2016-01-04,1846.4166666666667
2016-01-05,1980.5833333333333
2016-01-06,1854.0
2016-01-07,1637.4583333333333
2016-01-08,1435.8333333333333
2016-01-09,1401.9583333333333
2016-01-10,1923.5416666666667
2016-01-11,2285.0416666666665
2016-01-12,2009.1666666666667
2016-01-13,2176.5833333333335
2016-01-14,1619.9166666666667
2016-01-15,1559.2916666666667
2016-01-16,1735.9166666666667
2016-01-17,1918.875
2016-01-18,2563.9583333333335
2016-01-19,2475.0
2016-01-20,2237.25
2016-01-21,2185.375
2016-01-22,2226.0416666666665
2016-01-23,2146.1666666666665
2016-01-24,2259.4166666666665
2016-01-25,1927.1666666666667
2016-01-26,1718.625
2016-01-27,1833.5
2016-01-28,1957.0833333333333
2016-01-29,1711.1666666666667
2016-01-30,1586.8333333333333
2016-01-31,1303.7083333333333
2016-02-01,1342.9583333333333
2016-02-02,1439.6666666666667
2016-02-03,1188.2083333333333
2016-02-04,1618.75
2016-02-05,1825.2916666666667
2016-02-06,1707.875
2016-02-07,1649.9583333333333
2016-02-08,1732.1666666666667
2016-02-09,2217.0416666666665
2016-02-10,2400.5833333333335
2016-02-11,2148.0
2016-02-12,2098.4166666666665
2016-02-13,2210.5416666666665
2016-02-14,2374.625
2016-02-15,2007.6666666666667
2016-02-16,1874.3333333333333
2016-02-17,1875.375
2016-02-18,1750.1666666666667
2016-02-19,1495.6666666666667
2016-02-20,1221.0416666666667
2016-02-21,1194.75
2016-02-22,1469.0416666666667
2016-02-23,1428.625
2016-02-24,1426.375
2016-02-25,1858.5416666666667
2016-02-26,1752.6666666666667
2016-02-27,1591.9166666666667
2016-02-28,1381.25
2016-02-29,1323.25
2016-03-01,1491.875
2016-03-02,1710.0833333333333
2016-03-03,1832.9583333333333
2016-03-04,1711.5833333333333
2016-03-05,1697.125
2016-03-06,1492.75
2016-03-07,1407.7916666666667
2016-03-08,1239.0
2016-03-09,1094.4583333333333
2016-03-10,1101.25
2016-03-11,1148.125
2016-03-12,1127.4583333333333
2016-03-13,1090.608695652174
2016-03-14,1157.0
2016-03-15,1170.375
2016-03-16,1081.25
2016-03-17,1172.25
2016-03-18,1231.25
2016-03-19,1286.4166666666667
2016-03-20,1425.75
2016-03-21,1518.8333333333333
2016-03-22,1415.625
2016-03-23,1196.0416666666667
2016-03-24,1156.4166666666667
2016-03-25,1288.2083333333333
2016-03-26,1322.5
2016-03-27,1098.6666666666667
2016-03-28,1206.6666666666667
2016-03-29,1295.0
2016-03-30,1256.5416666666667
2016-03-31,1139.5416666666667
2016-04-01,1104.125
2016-04-02,1204.4166666666667
2016-04-03,1329.7916666666667
2016-04-04,1220.7916666666667
2016-04-05,1382.3333333333333
2016-04-06,1351.4583333333333
2016-04-07,1351.0833333333333
2016-04-08,1508.0
2016-04-09,1548.0
2016-04-10,1454.6666666666667
2016-04-11,1247.75
2016-04-12,1231.625
2016-04-13,1285.5833333333333
2016-04-14,1195.4583333333333
2016-04-15,1141.2916666666667
2016-04-16,1105.2916666666667
2016-04-17,1130.75
2016-04-18,1212.4166666666667
2016-04-19,1202.6666666666667
2016-04-20,1191.5833333333333
2016-04-21,1183.0
2016-04-22,1116.375
2016-04-23,1075.7916666666667
2016-04-24,1121.2916666666667
2016-04-25,1212.4583333333333
2016-04-26,1273.5416666666667
2016-04-27,1201.7083333333333
2016-04-28,1230.7083333333333
2016-04-29,1157.5833333333333
2016-04-30,1098.0416666666667
2016-05-01,1162.4166666666667
2016-05-02,1165.375
2016-05-03,1149.6666666666667
2016-05-04,1141.4166666666667
2016-05-05,1264.0833333333333
2016-05-06,1200.25
2016-05-07,1130.9166666666667
2016-05-08,1092.7083333333333
2016-05-09,1181.5416666666667
2016-05-10,1205.1666666666667
2016-05-11,1285.0833333333333
2016-05-12,1278.0416666666667
2016-05-13,1182.0833333333333
2016-05-14,1104.5416666666667
2016-05-15,1141.8333333333333
2016-05-16,1227.75
2016-05-17,1218.7083333333333
2016-05-18,1142.375
2016-05-19,1170.625
2016-05-20,1158.5
2016-05-21,1112.7916666666667
2016-05-22,1133.7083333333333
2016-05-23,1218.2916666666667
2016-05-24,1276.5416666666667
2016-05-25,1291.125
2016-05-26,1282.4583333333333
2016-05-27,1396.8333333333333
2016-05-28,1370.375
2016-05-29,1362.875
2016-05-30,1412.9166666666667
2016-05-31,1444.875
2016-06-01,1522.2916666666667
2016-06-02,1385.7083333333333
2016-06-03,1436.1666666666667
2016-06-04,1367.25
2016-06-05,1336.8333333333333
2016-06-06,1412.7916666666667
2016-06-07,1321.625
2016-06-08,1251.875
2016-06-09,1311.0833333333333
2016-06-10,1392.6666666666667
2016-06-11,1506.25
2016-06-12,1558.875
2016-06-13,1586.375
2016-06-14,1574.4583333333333
2016-06-15,1581.5416666666667
2016-06-16,1635.6666666666667
2016-06-17,1427.2083333333333
2016-06-18,1474.25
2016-06-19,1466.0
2016-06-20,1572.4583333333333
2016-06-21,1641.2083333333333
2016-06-22,1497.75
2016-06-23,1697.8333333333333
2016-06-24,1533.0416666666667
2016-06-25,1548.8333333333333
2016-06-26,1610.1666666666667
2016-06-27,1629.5833333333333
2016-06-28,1609.2083333333333
2016-06-29,1414.2916666666667
2016-06-30,1366.875
2016-07-01,1405.625
2016-07-02,1372.1666666666667
2016-07-03,1273.25
2016-07-04,1307.1666666666667
2016-07-05,1504.3333333333333
2016-07-06,1591.2916666666667
2016-07-07,1444.6666666666667
2016-07-08,1471.0
2016-07-09,1517.2916666666667
2016-07-10,1463.4166666666667
2016-07-11,1605.9166666666667
2016-07-12,1514.8333333333333
2016-07-13,1610.9166666666667
2016-07-14,1621.7916666666667
2016-07-15,1588.4166666666667
2016-07-16,1506.4166666666667
2016-07-17,1580.875
2016-07-18,1597.5416666666667
2016-07-19,1712.7083333333333
2016-07-20,1720.6666666666667
2016-07-21,1742.1666666666667
2016-07-22,1692.5833333333333
2016-07-23,1693.0
2016-07-24,1758.9583333333333
2016-07-25,1791.7916666666667
2016-07-26,1741.3333333333333
2016-07-27,1744.2916666666667
2016-07-28,1530.5833333333333
2016-07-29,1550.5833333333333
2016-07-30,1529.75
2016-07-31,1527.3333333333333
2016-08-01,1561.3333333333333
2016-08-02,1610.6666666666667
2016-08-03,1604.7083333333333
2016-08-04,1638.9166666666667
2016-08-05,1637.9166666666667
2016-08-06,1564.375
2016-08-07,1571.5
2016-08-08,1615.4166666666667
2016-08-09,1734.0416666666667
2016-08-10,1697.25
2016-08-11,1761.5
2016-08-12,1796.7916666666667
2016-08-13,1706.2083333333333
2016-08-14,1651.2083333333333
2016-08-15,1710.2083333333333
2016-08-16,1646.5
2016-08-17,1511.625
2016-08-18,1508.0833333333333
2016-08-19,1519.4166666666667
2016-08-20,1433.7083333333333
2016-08-21,1413.0416666666667
2016-08-22,1401.5833333333333
2016-08-23,1421.4583333333333
2016-08-24,1512.9583333333333
2016-08-25,1731.125
2016-08-26,1753.25
2016-08-27,1701.7916666666667
2016-08-28,1539.0416666666667
2016-08-29,1544.7083333333333
2016-08-30,1583.5
2016-08-31,1536.125
2016-09-01,1392.9166666666667
2016-09-02,1230.4583333333333
2016-09-03,1272.125
2016-09-04,1344.5833333333333
2016-09-05,1468.9166666666667
2016-09-06,1582.0
2016-09-07,1569.4166666666667
2016-09-08,1642.8333333333333
2016-09-09,1595.7916666666667
2016-09-10,1541.7083333333333
2016-09-11,1323.5
2016-09-12,1362.7916666666667
2016-09-13,1434.7916666666667
2016-09-14,1449.2083333333333
2016-09-15,1422.4583333333333
2016-09-16,1512.3333333333333
2016-09-17,1377.375
2016-09-18,1379.625
2016-09-19,1457.6666666666667
2016-09-20,1446.2083333333333
2016-09-21,1376.0416666666667
2016-09-22,1382.5833333333333
2016-09-23,1479.375
2016-09-24,1483.25
2016-09-25,1484.4583333333333
2016-09-26,1280.5416666666667
2016-09-27,1154.875
2016-09-28,1159.1666666666667
2016-09-29,1057.5416666666667
2016-09-30,1015.3333333333334
2016-10-01,1056.5416666666667
2016-10-02,1086.0
2016-10-03,1173.7083333333333
2016-10-04,1234.9583333333333
2016-10-05,1189.0416666666667
2016-10-06,1170.5
2016-10-07,1232.5416666666667
2016-10-08,1092.4583333333333
2016-10-09,1071.625
2016-10-10,1151.75
2016-10-11,1168.4166666666667
2016-10-12,1094.375
2016-10-13,1037.2083333333333
2016-10-14,1099.8333333333333
2016-10-15,1098.0416666666667
2016-10-16,1152.4166666666667
2016-10-17,1246.4166666666667
2016-10-18,1308.9583333333333
2016-10-19,1278.75
2016-10-20,1126.2083333333333
2016-10-21,1119.375
2016-10-22,1147.5416666666667
2016-10-23,1174.7083333333333
2016-10-24,1162.4166666666667
2016-10-25,1219.9583333333333
2016-10-26,1227.4166666666667
2016-10-27,1084.125
2016-10-28,1157.9583333333333
2016-10-29,1130.75
2016-10-30,1125.875
2016-10-31,1146.8333333333333
2016-11-01,1208.5
2016-11-02,1166.1666666666667
2016-11-03,1167.9583333333333
2016-11-04,1130.9583333333333
2016-11-05,1171.7916666666667
2016-11-06,1175.28
2016-11-07,1219.4583333333333
2016-11-08,1218.4166666666667
2016-11-09,1220.0833333333333
2016-11-10,1371.5
2016-11-11,1316.6666666666667
2016-11-12,1354.5833333333333
2016-11-13,1439.0416666666667
2016-11-14,1467.2083333333333
2016-11-15,1421.7083333333333
2016-11-16,1323.6666666666667
2016-11-17,1287.7083333333333
2016-11-18,1184.7916666666667
2016-11-19,1338.4166666666667
2016-11-20,1600.7916666666667
2016-11-21,1743.8333333333333
2016-11-22,1688.5833333333333
2016-11-23,1489.25
2016-11-24,1144.25
2016-11-25,1303.5833333333333
2016-11-26,1490.2916666666667
2016-11-27,1624.5416666666667
2016-11-28,1440.5
2016-11-29,1271.25
2016-11-30,1191.9166666666667
2016-12-01,1507.625
2016-12-02,1688.625
2016-12-03,1607.0416666666667
2016-12-04,1547.7083333333333
2016-12-05,1514.1666666666667
2016-12-06,1497.0833333333333
2016-12-07,1546.5416666666667
2016-12-08,1829.2083333333333
2016-12-09,2075.0416666666665
2016-12-10,2064.4166666666665
2016-12-11,1766.1666666666667
2016-12-12,1558.5
2016-12-13,1759.25
2016-12-14,1812.0416666666667
2016-12-15,2314.2083333333335
2016-12-16,2262.8333333333335
2016-12-17,1470.7916666666667
2016-12-18,1801.5833333333333
2016-12-19,2174.5
2016-12-20,2191.3333333333335
2016-12-21,1929.875
2016-12-22,1714.7916666666667
2016-12-23,1768.4166666666667
2016-12-24,1373.8333333333333
2016-12-25,1187.4166666666667
2016-12-26,1131.9166666666667
2016-12-27,1305.9166666666667
2016-12-28,1653.4583333333333
2016-12-29,1545.3333333333333
2016-12-30,1711.375
2016-12-31,1747.0
2017-01-01,1441.9583333333333
2017-01-02,1323.1666666666667
2017-01-03,1285.4583333333333
2017-01-04,1716.25
2017-01-05,2047.0416666666667
2017-01-06,2363.9583333333335
2017-01-07,2524.7916666666665
2017-01-08,2469.7083333333335
2017-01-09,2174.0833333333335
2017-01-10,1728.9166666666667
2017-01-11,1429.3333333333333
2017-01-12,1242.2083333333333
2017-01-13,1568.7083333333333
2017-01-14,1528.0833333333333
2017-01-15,1521.75
2017-01-16,1448.5416666666667
2017-01-17,1282.4166666666667
2017-01-18,1437.7083333333333
2017-01-19,1522.4166666666667
2017-01-20,1292.4166666666667
2017-01-21,1258.875
2017-01-22,1263.3333333333333
2017-01-23,1399.75
2017-01-24,1561.5833333333333
2017-01-25,1534.75
2017-01-26,1677.8333333333333
2017-01-27,1872.3333333333333
2017-01-28,1732.0416666666667
2017-01-29,1775.9166666666667
2017-01-30,1872.8333333333333
2017-01-31,1576.7916666666667
2017-02-01,1460.0416666666667
2017-02-02,1651.75
2017-02-03,1887.9583333333333
2017-02-04,1986.9166666666667
2017-02-05,1493.4583333333333
2017-02-06,1533.375
2017-02-07,1282.7916666666667
2017-02-08,1368.9166666666667
2017-02-09,1897.2916666666667
2017-02-10,1852.1666666666667
2017-02-11,1273.7916666666667
2017-02-12,1137.875
2017-02-13,1540.5
2017-02-14,1568.9583333333333
2017-02-15,1494.6666666666667
2017-02-16,1682.75
2017-02-17,1398.25
2017-02-18,1357.7916666666667
2017-02-19,1243.9166666666667
2017-02-20,1329.5
2017-02-21,1207.625
2017-02-22,1185.625
2017-02-23,1172.4583333333333
2017-02-24,1166.2083333333333
2017-02-25,1350.625
2017-02-26,1622.125
2017-02-27,1481.1666666666667
2017-02-28,1388.4583333333333
2017-03-01,1162.8333333333333
2017-03-02,1557.6666666666667
2017-03-03,1634.0416666666667
2017-03-04,1596.8333333333333
2017-03-05,1384.125
2017-03-06,1282.7083333333333
2017-03-07,1255.8333333333333
2017-03-08,1375.375
2017-03-09,1343.4166666666667
2017-03-10,1362.4583333333333
2017-03-11,1660.875
2017-03-12,1636.2173913043478
2017-03-13,1676.7916666666667
2017-03-14,1866.3333333333333
2017-03-15,2029.125
2017-03-16,1862.5833333333333
2017-03-17,1720.0
2017-03-18,1346.2916666666667
2017-03-19,1429.9166666666667
2017-03-20,1502.9583333333333
2017-03-21,1246.625
2017-03-22,1366.5833333333333
2017-03-23,1482.0833333333333
2017-03-24,1213.25
2017-03-25,1078.2916666666667
2017-03-26,1097.125
2017-03-27,1168.0833333333333
2017-03-28,1186.5416666666667
2017-03-29,1194.375
2017-03-30,1195.125
2017-03-31,1181.5
2017-04-01,1302.0416666666667
2017-04-02,1206.1666666666667
2017-04-03,1162.5416666666667
2017-04-04,1126.0833333333333
2017-04-05,1113.5
2017-04-06,1309.1666666666667
2017-04-07,1389.4583333333333
2017-04-08,1309.4166666666667
2017-04-09,1187.75
2017-04-10,1165.7083333333333
2017-04-11,1165.3333333333333
2017-04-12,1181.2083333333333
2017-04-13,1204.625
2017-04-14,1177.0
2017-04-15,1178.7916666666667
2017-04-16,1155.0833333333333
2017-04-17,1182.5
2017-04-18,1170.0833333333333
2017-04-19,1170.9583333333333
2017-04-20,1273.5416666666667
2017-04-21,1188.0416666666667
2017-04-22,1140.3333333333333
2017-04-23,1245.6666666666667
2017-04-24,1201.375
2017-04-25,1199.7916666666667
2017-04-26,1262.5833333333333
2017-04-27,1217.375
2017-04-28,1208.9166666666667
2017-04-29,1327.5416666666667
2017-04-30,1327.9166666666667
2017-05-01,1222.2083333333333
2017-05-02,1157.9583333333333
2017-05-03,1114.7916666666667
2017-05-04,1163.7083333333333
2017-05-05,1204.2083333333333
2017-05-06,1252.5
2017-05-07,1224.0833333333333
2017-05-08,1219.75
2017-05-09,1206.4166666666667
2017-05-10,1325.125
2017-05-11,1299.0833333333333
2017-05-12,1158.7916666666667
2017-05-13,1130.2083333333333
2017-05-14,1188.5833333333333
2017-05-15,1335.1666666666667
2017-05-16,1413.375
2017-05-17,1459.2083333333333
2017-05-18,1493.0
2017-05-19,1415.0833333333333
2017-05-20,1430.8333333333333
2017-05-21,1267.2916666666667
2017-05-22,1231.4166666666667
2017-05-23,1211.875
2017-05-24,1103.3333333333333
2017-05-25,1177.8333333333333
2017-05-26,1247.125
2017-05-27,1319.5416666666667
2017-05-28,1205.8333333333333
2017-05-29,1288.25
2017-05-30,1373.2916666666667
2017-05-31,1343.375
2017-06-01,1349.4166666666667
2017-06-02,1382.7916666666667
2017-06-03,1353.25
2017-06-04,1357.0416666666667
2017-06-05,1385.0833333333333
2017-06-06,1315.2916666666667
2017-06-07,1193.875
2017-06-08,1120.125
2017-06-09,1195.0416666666667
2017-06-10,1316.4583333333333
2017-06-11,1429.1666666666667
2017-06-12,1604.125
2017-06-13,1632.7916666666667
2017-06-14,1544.25
2017-06-15,1509.5833333333333
2017-06-16,1525.9166666666667
2017-06-17,1544.75
2017-06-18,1504.875
2017-06-19,1491.125
2017-06-20,1494.625
2017-06-21,1475.1666666666667
2017-06-22,1384.2916666666667
2017-06-23,1443.375
2017-06-24,1371.75
2017-06-25,1279.5416666666667
2017-06-26,1305.4583333333333
2017-06-27,1323.4583333333333
2017-06-28,1329.7083333333333
2017-06-29,1508.75
2017-06-30,1569.625
2017-07-01,1509.25
2017-07-02,1480.7916666666667
2017-07-03,1452.2916666666667
2017-07-04,1349.2916666666667
2017-07-05,1438.5
2017-07-06,1379.9583333333333
2017-07-07,1538.2083333333333
2017-07-08,1439.6666666666667
2017-07-09,1436.2083333333333
2017-07-10,1592.0416666666667
2017-07-11,1606.9583333333333
2017-07-12,1677.75
2017-07-13,1772.1666666666667
2017-07-14,1683.375
2017-07-15,1549.4166666666667
2017-07-16,1506.4583333333333
2017-07-17,1596.5416666666667
2017-07-18,1669.7916666666667
2017-07-19,1701.3333333333333
2017-07-20,1749.5833333333333
2017-07-21,1789.0833333333333
2017-07-22,1814.0
2017-07-23,1628.8333333333333
2017-07-24,1669.9583333333333
2017-07-25,1625.4583333333333
2017-07-26,1578.0416666666667
2017-07-27,1648.125
2017-07-28,1489.2083333333333
2017-07-29,1353.375
2017-07-30,1344.1666666666667
2017-07-31,1528.0833333333333
2017-08-01,1508.375
2017-08-02,1534.875
2017-08-03,1498.1666666666667
2017-08-04,1412.7083333333333
2017-08-05,1252.0833333333333
2017-08-06,1231.5416666666667
2017-08-07,1308.5416666666667
2017-08-08,1380.2916666666667
2017-08-09,1413.75
2017-08-10,1477.125
2017-08-11,1453.3333333333333
2017-08-12,1452.2916666666667
2017-08-13,1418.0833333333333
2017-08-14,1461.4583333333333
2017-08-15,1602.7083333333333
2017-08-16,1650.75
2017-08-17,1718.9166666666667
2017-08-18,1612.0416666666667
2017-08-19,1504.9583333333333
2017-08-20,1568.0833333333333
2017-08-21,1642.0416666666667
2017-08-22,1606.3333333333333
2017-08-23,1404.4583333333333
2017-08-24,1328.375
2017-08-25,1248.7916666666667
2017-08-26,1236.4166666666667
2017-08-27,1294.0
2017-08-28,1300.125
2017-08-29,1354.9166666666667
2017-08-30,1402.5
2017-08-31,1413.5
2017-09-01,1219.875
2017-09-02,1088.7083333333333
2017-09-03,1153.7916666666667
2017-09-04,1339.9166666666667
2017-09-05,1278.25
2017-09-06,1153.7083333333333
2017-09-07,1163.7916666666667
2017-09-08,1176.2083333333333
2017-09-09,1144.7916666666667
2017-09-10,1138.6666666666667
2017-09-11,1149.8333333333333
2017-09-12,1178.125
2017-09-13,1122.9583333333333
2017-09-14,1177.8333333333333
2017-09-15,1246.4583333333333
2017-09-16,1298.0416666666667
2017-09-17,1353.2916666666667
2017-09-18,1430.1666666666667
2017-09-19,1351.8333333333333
2017-09-20,1443.5416666666667
2017-09-21,1505.6666666666667
2017-09-22,1485.0416666666667
2017-09-23,1424.375
2017-09-24,1397.2916666666667
2017-09-25,1418.4583333333333
2017-09-26,1444.5
2017-09-27,1393.4583333333333
2017-09-28,1297.0416666666667
2017-09-29,1182.4166666666667
2017-09-30,1101.0833333333333
2017-10-01,1102.2083333333333
2017-10-02,1176.4166666666667
2017-10-03,1260.5416666666667
2017-10-04,1292.4583333333333
2017-10-05,1271.6666666666667
2017-10-06,1279.0
2017-10-07,1277.125
2017-10-08,1234.5
2017-10-09,1364.75
2017-10-10,1290.75
2017-10-11,1218.2083333333333
2017-10-12,1137.625
2017-10-13,1179.25
2017-10-14,1187.2916666666667
2017-10-15,1164.6666666666667
2017-10-16,1124.1666666666667
2017-10-17,1197.9583333333333
2017-10-18,1195.375
2017-10-19,1169.0
2017-10-20,1165.2916666666667
2017-10-21,1069.5416666666667
2017-10-22,1080.2083333333333
2017-10-23,1121.7083333333333
2017-10-24,1205.375
2017-10-25,1303.7083333333333
2017-10-26,1267.7083333333333
2017-10-27,1146.1666666666667
2017-10-28,1349.9583333333333
2017-10-29,1540.0
2017-10-30,1571.625
2017-10-31,1399.5833333333333
2017-11-01,1312.9166666666667
2017-11-02,1159.75
2017-11-03,1156.1666666666667
2017-11-04,1124.4583333333333
2017-11-05,1106.96
2017-11-06,1174.9166666666667
2017-11-07,1321.75
2017-11-08,1387.375
2017-11-09,1404.875
2017-11-10,1547.4166666666667
2017-11-11,1615.2916666666667
2017-11-12,1366.125
2017-11-13,1482.8333333333333
2017-11-14,1469.2083333333333
2017-11-15,1571.3333333333333
2017-11-16,1479.4166666666667
2017-11-17,1518.1666666666667
2017-11-18,1264.2083333333333
2017-11-19,1548.9583333333333
2017-11-20,1755.2083333333333
2017-11-21,1563.625
2017-11-22,1604.375
2017-11-23,1658.0
2017-11-24,1492.8333333333333
2017-11-25,1299.1666666666667
2017-11-26,1485.9166666666667
2017-11-27,1496.8333333333333
2017-11-28,1344.0416666666667
2017-11-29,1316.4583333333333
2017-11-30,1347.7916666666667
2017-12-01,1397.2083333333333
2017-12-02,1433.4583333333333
2017-12-03,1489.7083333333333
2017-12-04,1456.4166666666667
2017-12-05,1404.1666666666667
2017-12-06,1792.875
2017-12-07,1872.2916666666667
2017-12-08,2006.9583333333333
2017-12-09,2071.75
2017-12-10,1968.2083333333333
2017-12-11,1766.4583333333333
2017-12-12,1857.2083333333333
2017-12-13,2015.875
2017-12-14,1820.0416666666667
2017-12-15,1953.0416666666667
2017-12-16,1721.625
2017-12-17,1657.4583333333333
2017-12-18,1545.75
2017-12-19,1462.0
2017-12-20,1486.8333333333333
2017-12-21,1566.25
2017-12-22,1337.3333333333333
2017-12-23,1395.2083333333333
2017-12-24,1641.5833333333333
2017-12-25,1908.3333333333333
2017-12-26,1921.75
2017-12-27,2243.9166666666665
2017-12-28,2434.2916666666665
2017-12-29,2109.8333333333335
2017-12-30,2075.9166666666665
2017-12-31,2516.6666666666665
2018-01-01,2673.75
2018-01-02,2848.25
2018-01-03,2567.125
2018-01-04,2478.375
2018-01-05,2688.2083333333335
2018-01-06,2769.875
2018-01-07,2379.2916666666665
2018-01-08,1907.4583333333333
2018-01-09,1714.4583333333333
2018-01-10,1462.5416666666667
2018-01-11,1353.75
2018-01-12,1658.125
2018-01-13,2389.5416666666665
2018-01-14,2586.4166666666665
2018-01-15,2236.0
2018-01-16,2535.0
2018-01-17,2756.6666666666665
2018-01-18,2602.375
2018-01-19,2154.8333333333335
2018-01-20,1684.5833333333333
2018-01-21,1438.4583333333333
2018-01-22,1388.5
2018-01-23,1628.125
2018-01-24,1915.2083333333333
2018-01-25,1938.8333333333333
2018-01-26,1682.9166666666667
2018-01-27,1449.0
2018-01-28,1403.9583333333333
2018-01-29,1810.2916666666667
2018-01-30,1979.0833333333333
2018-01-31,1874.375
2018-02-01,1697.7083333333333
2018-02-02,2230.1666666666665
2018-02-03,2172.625
2018-02-04,1828.9583333333333
2018-02-05,2102.2916666666665
2018-02-06,1945.9583333333333
2018-02-07,1919.9166666666667
2018-02-08,1970.5416666666667
2018-02-09,1769.625
2018-02-10,1477.875
2018-02-11,1479.0
2018-02-12,1862.875
2018-02-13,1781.3333333333333
2018-02-14,1399.4166666666667
2018-02-15,1226.6666666666667
2018-02-16,1313.375
2018-02-17,1656.4583333333333
2018-02-18,1519.75
2018-02-19,1296.5833333333333
2018-02-20,1184.0833333333333
2018-02-21,1177.9166666666667
2018-02-22,1262.3333333333333
2018-02-23,1200.5
2018-02-24,1172.5833333333333
2018-02-25,1230.4166666666667
2018-02-26,1345.3333333333333
2018-02-27,1407.0833333333333
2018-02-28,1318.875
2018-03-01,1292.0
2018-03-02,1470.375
2018-03-03,1533.5
2018-03-04,1514.375
2018-03-05,1577.625
2018-03-06,1354.9583333333333
2018-03-07,1655.2083333333333
2018-03-08,1845.125
2018-03-09,1756.5833333333333
2018-03-10,1518.0833333333333
2018-03-11,1528.3478260869565
2018-03-12,1722.1666666666667
2018-03-13,1812.9166666666667
2018-03-14,1888.7083333333333
2018-03-15,1622.4583333333333
2018-03-16,1484.9166666666667
2018-03-17,1369.6666666666667
2018-03-18,1261.1666666666667
2018-03-19,1360.0
2018-03-20,1580.75
2018-03-21,1902.875
2018-03-22,1795.0
2018-03-23,1640.4166666666667
2018-03-24,1701.0
2018-03-25,1602.0
2018-03-26,1446.5
2018-03-27,1327.3333333333333
2018-03-28,1248.875
2018-03-29,1218.4166666666667
2018-03-30,1314.875
2018-03-31,1362.0833333333333
2018-04-01,1236.0416666666667
2018-04-02,1500.7083333333333
2018-04-03,1281.375
2018-04-04,1366.375
2018-04-05,1607.7083333333333
2018-04-06,1405.4583333333333
2018-04-07,1675.0416666666667
2018-04-08,1669.7083333333333
2018-04-09,1536.1666666666667
2018-04-10,1486.625
2018-04-11,1465.5416666666667
2018-04-12,1251.6666666666667
2018-04-13,1166.0416666666667
2018-04-14,1118.1666666666667
2018-04-15,1190.1666666666667
2018-04-16,1715.7083333333333
2018-04-17,1596.0833333333333
2018-04-18,1260.2916666666667
2018-04-19,1389.3333333333333
2018-04-20,1424.5
2018-04-21,1264.625
2018-04-22,1158.375
2018-04-23,1215.625
2018-04-24,1239.8333333333333
2018-04-25,1223.625
2018-04-26,1228.7083333333333
2018-04-27,1195.7916666666667
2018-04-28,1149.5416666666667
2018-04-29,1229.7916666666667
2018-04-30,1283.4166666666667
2018-05-01,1231.9583333333333
2018-05-02,1244.9583333333333
2018-05-03,1314.3333333333333
2018-05-04,1243.1666666666667
2018-05-05,1123.4166666666667
2018-05-06,1137.375
2018-05-07,1192.2083333333333
2018-05-08,1225.9583333333333
2018-05-09,1211.875
2018-05-10,1360.375
2018-05-11,1392.7916666666667
2018-05-12,1386.7916666666667
2018-05-13,1418.0416666666667
2018-05-14,1555.0
2018-05-15,1586.5833333333333
2018-05-16,1391.6666666666667
2018-05-17,1377.7083333333333
2018-05-18,1334.9583333333333
2018-05-19,1294.375
2018-05-20,1424.875
2018-05-21,1508.5416666666667
2018-05-22,1422.125
2018-05-23,1452.9166666666667
2018-05-24,1399.6666666666667
2018-05-25,1491.1666666666667
2018-05-26,1451.3333333333333
2018-05-27,1432.0
2018-05-28,1428.2916666666667
2018-05-29,1507.5416666666667
2018-05-30,1545.9166666666667
2018-05-31,1472.4583333333333
2018-06-01,1394.25
2018-06-02,1493.4166666666667
2018-06-03,1433.5
2018-06-04,1332.4583333333333
2018-06-05,1366.6666666666667
2018-06-06,1327.875
2018-06-07,1428.2916666666667
2018-06-08,1553.5833333333333
2018-06-09,1540.375
2018-06-10,1472.7916666666667
2018-06-11,1458.0416666666667
2018-06-12,1497.4166666666667
2018-06-13,1562.0833333333333
2018-06-14,1596.8333333333333
2018-06-15,1535.7916666666667
2018-06-16,1580.125
2018-06-17,1694.1666666666667
2018-06-18,1845.2083333333333
2018-06-19,1822.7083333333333
2018-06-20,1726.625
2018-06-21,1553.8333333333333
2018-06-22,1496.6666666666667
2018-06-23,1433.9166666666667
2018-06-24,1527.4583333333333
2018-06-25,1473.125
2018-06-26,1449.4166666666667
2018-06-27,1462.0833333333333
2018-06-28,1603.4583333333333
2018-06-29,1717.625
2018-06-30,1716.25
2018-07-01,1706.125
2018-07-02,1717.9166666666667
2018-07-03,1689.6666666666667
2018-07-04,1822.2916666666667
2018-07-05,1873.9583333333333
2018-07-06,1606.9166666666667
2018-07-07,1416.375
2018-07-08,1525.0833333333333
2018-07-09,1717.375
2018-07-10,1755.3333333333333
2018-07-11,1758.0833333333333
2018-07-12,1633.25
2018-07-13,1653.75
2018-07-14,1694.7916666666667
2018-07-15,1635.2083333333333
2018-07-16,1686.375
2018-07-17,1760.625
2018-07-18,1625.25
2018-07-19,1609.5833333333333
2018-07-20,1571.25
2018-07-21,1409.4583333333333
2018-07-22,1343.5833333333333
2018-07-23,1415.5
2018-07-24,1498.7083333333333
2018-07-25,1581.7916666666667
2018-07-26,1542.0416666666667
2018-07-27,1519.2916666666667
2018-07-28,1376.0833333333333
2018-07-29,1430.0833333333333
2018-07-30,1527.5416666666667
2018-07-31,1517.5833333333333
2018-08-01,1450.1666666666667
2018-08-02,1493.25
2018-08-03,1448.0
