Datetime,FE_MW
2011-06-01,9047.08695652174
2011-06-02,7742.416666666667
2011-06-03,7366.166666666667
2011-06-04,7529.125
2011-06-05,7846.291666666667
2011-06-06,8789.25
2011-06-07,9293.458333333334
2011-06-08,10349.0
2011-06-09,9844.125
2011-06-10,8051.25
2011-06-11,7522.25
2011-06-12,6429.041666666667
2011-06-13,7262.291666666667
2011-06-14,7271.333333333333
2011-06-15,7398.833333333333
2011-06-16,7706.0
2011-06-17,7986.416666666667
2011-06-18,7537.958333333333
2011-06-19,7018.041666666667
2011-06-20,8196.291666666666
2011-06-21,9222.666666666666
2011-06-22,9157.458333333334
2011-06-23,8345.541666666666
2011-06-24,7537.625
2011-06-25,6509.083333333333
2011-06-26,6477.125
2011-06-27,7966.666666666667
2011-06-28,8757.291666666666
2011-06-29,8055.333333333333
2011-06-30,8192.0
2011-07-01,8473.875
2011-07-02,8068.5
2011-07-03,7721.041666666667
2011-07-04,7443.583333333333
2011-07-05,8488.083333333334
2011-07-06,9389.916666666666
2011-07-07,9189.583333333334
2011-07-08,8525.208333333334
2011-07-09,7980.291666666667
2011-07-10,8338.875
2011-07-11,9433.791666666666
2011-07-12,9831.458333333334
2011-07-13,8979.958333333334
2011-07-14,8448.25
2011-07-15,8587.666666666666
2011-07-16,8552.541666666666
2011-07-17,8753.291666666666
2011-07-18,10184.958333333334
2011-07-19,10335.125
2011-07-20,10875.666666666666
2011-07-21,11753.416666666666
2011-07-22,11058.041666666666
2011-07-23,9217.791666666666
2011-07-24,8863.833333333334
2011-07-25,10176.458333333334
2011-07-26,9748.5
2011-07-27,9242.708333333334
2011-07-28,9970.166666666666
2011-07-29,9897.416666666666
2011-07-30,8966.25
2011-07-31,8602.916666666666
2011-08-01,9767.583333333334
2011-08-02,10011.625
2011-08-03,9507.666666666666
2011-08-04,9461.083333333334
2011-08-05,9645.666666666666
2011-08-06,9058.958333333334
2011-08-07,8669.875
2011-08-08,9450.916666666666
2011-08-09,9297.708333333334
2011-08-10,8477.416666666666
2011-08-11,8154.25
2011-08-12,8106.291666666667
2011-08-13,7544.166666666667
2011-08-14,6808.708333333333
2011-08-15,7973.541666666667
2011-08-16,8320.958333333334
2011-08-17,8407.666666666666
2011-08-18,8929.416666666666
2011-08-19,8992.208333333334
2011-08-20,7890.833333333333
2011-08-21,7282.125
2011-08-22,7755.25
2011-08-23,8136.5
2011-08-24,8866.291666666666
2011-08-25,8748.791666666666
2011-08-26,8188.458333333333
2011-08-27,7361.416666666667
2011-08-28,6885.958333333333
2011-08-29,7734.416666666667
2011-08-30,7998.75
2011-08-31,8465.708333333334
2011-09-01,9610.333333333334
2011-09-02,10270.458333333334
2011-09-03,9519.833333333334
2011-09-04,7428.375
2011-09-05,6166.333333333333
2011-09-06,7143.791666666667
2011-09-07,7415.041666666667
2011-09-08,7698.875
2011-09-09,7751.708333333333
2011-09-10,6884.0
2011-09-11,6545.041666666667
2011-09-12,7911.0
2011-09-13,8451.0
2011-09-14,7798.416666666667
2011-09-15,7199.625
2011-09-16,6989.958333333333
2011-09-17,6288.875
2011-09-18,5985.458333333333
2011-09-19,7207.375
2011-09-20,7555.666666666667
2011-09-21,7653.333333333333
2011-09-22,7585.083333333333
2011-09-23,7275.875
2011-09-24,6332.041666666667
2011-09-25,6197.625
2011-09-26,7498.625
2011-09-27,7401.083333333333
2011-09-28,7358.541666666667
2011-09-29,7320.125
2011-09-30,7084.833333333333
2011-10-01,6554.833333333333
2011-10-02,6254.208333333333
2011-10-03,7298.875
2011-10-04,7369.25
2011-10-05,7247.666666666667
2011-10-06,7317.375
2011-10-07,7259.291666666667
2011-10-08,6439.25
2011-10-09,6134.583333333333
2011-10-10,7151.0
2011-10-11,7337.0
2011-10-12,7389.083333333333
2011-10-13,7411.291666666667
2011-10-14,7040.958333333333
2011-10-15,6385.583333333333
2011-10-16,6216.791666666667
2011-10-17,7175.416666666667
2011-10-18,7441.25
2011-10-19,7564.125
2011-10-20,7664.875
2011-10-21,7573.333333333333
2011-10-22,6596.583333333333
2011-10-23,6318.083333333333
2011-10-24,7285.833333333333
2011-10-25,7433.833333333333
2011-10-26,7352.916666666667
2011-10-27,7581.166666666667
2011-10-28,7599.125
2011-10-29,6770.458333333333
2011-10-30,6497.916666666667
2011-10-31,7499.416666666667
2011-11-01,7558.458333333333
2011-11-02,7412.25
2011-11-03,7353.541666666667
2011-11-04,7281.0
2011-11-05,6702.75
2011-11-06,6404.739130434783
2011-11-07,7284.875
2011-11-08,7226.666666666667
2011-11-09,7322.25
2011-11-10,7523.708333333333
2011-11-11,7697.083333333333
2011-11-12,6784.041666666667
2011-11-13,6368.208333333333
2011-11-14,7248.125
2011-11-15,7414.416666666667
2011-11-16,7620.291666666667
2011-11-17,8102.5
2011-11-18,8053.458333333333
2011-11-19,7055.625
2011-11-20,6448.25
2011-11-21,7696.166666666667
2011-11-22,7934.75
2011-11-23,7656.916666666667
2011-11-24,6302.916666666667
2011-11-25,6324.458333333333
2011-11-26,6254.416666666667
2011-11-27,6377.125
2011-11-28,7708.791666666667
2011-11-29,8003.916666666667
2011-11-30,8337.208333333334
2011-12-01,8274.083333333334
2011-12-02,8287.5
2011-12-03,7352.666666666667
2011-12-04,6872.75
2011-12-05,7965.333333333333
2011-12-06,8355.5
2011-12-07,8401.416666666666
2011-12-08,8462.083333333334
2011-12-09,8297.708333333334
2011-12-10,7762.208333333333
2011-12-11,7567.916666666667
2011-12-12,8421.5
2011-12-13,8478.833333333334
2011-12-14,8217.0
2011-12-15,8017.75
2011-12-16,8230.166666666666
2011-12-17,7650.541666666667
2011-12-18,7405.0
2011-12-19,8230.625
2011-12-20,8274.958333333334
2011-12-21,8031.5
2011-12-22,7944.458333333333
2011-12-23,7704.75
2011-12-24,6922.583333333333
2011-12-25,6469.833333333333
2011-12-26,6685.5
2011-12-27,7739.458333333333
2011-12-28,8079.333333333333
2011-12-29,7995.375
2011-12-30,7243.916666666667
2011-12-31,6744.833333333333
2012-01-01,6571.583333333333
2012-01-02,7533.041666666667
2012-01-03,8889.125
2012-01-04,8903.041666666666
2012-01-05,8425.541666666666
2012-01-06,7880.833333333333
2012-01-07,7018.25
2012-01-08,6913.333333333333
2012-01-09,8092.25
2012-01-10,8116.416666666667
2012-01-11,8187.416666666667
2012-01-12,8124.833333333333
2012-01-13,8946.583333333334
2012-01-14,8159.125
2012-01-15,7660.0
2012-01-16,8411.25
2012-01-17,8119.625
2012-01-18,8710.458333333334
2012-01-19,9062.083333333334
2012-01-20,9025.458333333334
2012-01-21,8102.625
2012-01-22,7613.291666666667
2012-01-23,8067.833333333333
2012-01-24,8562.041666666666
2012-01-25,8523.75
2012-01-26,8419.916666666666
2012-01-27,8206.708333333334
2012-01-28,7673.916666666667
2012-01-29,7453.583333333333
2012-01-30,8515.666666666666
2012-01-31,7898.75
2012-02-01,7650.375
2012-02-02,8088.5
2012-02-03,7900.666666666667
2012-02-04,7290.083333333333
2012-02-05,6891.791666666667
2012-02-06,7953.458333333333
2012-02-07,8366.625
2012-02-08,8482.833333333334
2012-02-09,8451.5
2012-02-10,8400.333333333334
2012-02-11,8063.583333333333
2012-02-12,7863.958333333333
2012-02-13,8567.958333333334
2012-02-14,8430.25
2012-02-15,8224.75
2012-02-16,8130.291666666667
2012-02-17,7927.083333333333
2012-02-18,7258.166666666667
2012-02-19,7176.333333333333
2012-02-20,8112.416666666667
2012-02-21,8310.583333333334
2012-02-22,7848.5
2012-02-23,8005.041666666667
2012-02-24,8000.666666666667
2012-02-25,7672.083333333333
2012-02-26,7105.25
2012-02-27,7882.416666666667
2012-02-28,8102.625
2012-02-29,7953.375
2012-03-01,7995.041666666667
2012-03-02,7923.708333333333
2012-03-03,7387.25
2012-03-04,7221.75
2012-03-05,8378.75
2012-03-06,8321.666666666666
2012-03-07,7610.083333333333
2012-03-08,7618.75
2012-03-09,7871.958333333333
2012-03-10,7051.458333333333
2012-03-11,6288.391304347826
2012-03-12,7256.625
2012-03-13,7210.416666666667
2012-03-14,7284.125
2012-03-15,7176.75
2012-03-16,7103.625
2012-03-17,6346.25
2012-03-18,6031.208333333333
2012-03-19,7203.333333333333
2012-03-20,7536.125
2012-03-21,7659.291666666667
2012-03-22,7611.416666666667
2012-03-23,7355.583333333333
2012-03-24,6381.208333333333
2012-03-25,5973.125
2012-03-26,7232.833333333333
2012-03-27,7615.458333333333
2012-03-28,7286.041666666667
2012-03-29,7279.458333333333
2012-03-30,7337.125
2012-03-31,6767.375
2012-04-01,6284.833333333333
2012-04-02,7280.291666666667
2012-04-03,7414.5
2012-04-04,7194.916666666667
2012-04-05,7287.708333333333
2012-04-06,6651.125
2012-04-07,6179.625
2012-04-08,5771.25
2012-04-09,7030.25
2012-04-10,7632.666666666667
2012-04-11,7700.416666666667
2012-04-12,7463.666666666667
2012-04-13,7265.875
2012-04-14,6584.166666666667
2012-04-15,6073.708333333333
2012-04-16,7259.625
2012-04-17,7147.166666666667
2012-04-18,7288.916666666667
2012-04-19,7206.25
2012-04-20,7152.708333333333
2012-04-21,6501.875
2012-04-22,6388.583333333333
2012-04-23,7464.458333333333
2012-04-24,7452.916666666667
2012-04-25,7276.333333333333
2012-04-26,7331.208333333333
2012-04-27,7291.25
2012-04-28,6781.0
2012-04-29,6216.916666666667
2012-04-30,7229.916666666667
2012-05-01,7304.833333333333
2012-05-02,7754.208333333333
2012-05-03,8571.666666666666
2012-05-04,8166.25
2012-05-05,6588.375
2012-05-06,6063.291666666667
2012-05-07,7353.541666666667
2012-05-08,7443.333333333333
2012-05-09,7272.916666666667
2012-05-10,7159.416666666667
2012-05-11,7221.041666666667
2012-05-12,6324.458333333333
2012-05-13,5948.458333333333
2012-05-14,7292.708333333333
2012-05-15,7598.333333333333
2012-05-16,7277.125
2012-05-17,7181.708333333333
2012-05-18,7264.291666666667
2012-05-19,6760.083333333333
2012-05-20,6955.375
2012-05-21,8321.083333333334
2012-05-22,7610.541666666667
2012-05-23,7782.666666666667
2012-05-24,8488.666666666666
2012-05-25,9019.833333333334
2012-05-26,7645.25
2012-05-27,7331.708333333333
2012-05-28,8254.541666666666
2012-05-29,9053.083333333334
2012-05-30,8159.333333333333
2012-05-31,7557.666666666667
2012-06-01,7267.375
2012-06-02,6237.541666666667
2012-06-03,6101.041666666667
2012-06-04,7265.166666666667
2012-06-05,7143.5
2012-06-06,7257.333333333333
2012-06-07,7611.208333333333
2012-06-08,7869.125
2012-06-09,7613.875
2012-06-10,7965.791666666667
2012-06-11,8715.791666666666
2012-06-12,9019.458333333334
2012-06-13,7633.958333333333
2012-06-14,7715.166666666667
2012-06-15,8455.375
2012-06-16,8092.375
2012-06-17,7401.166666666667
2012-06-18,8852.5
2012-06-19,9968.666666666666
2012-06-20,10402.625
2012-06-21,10444.625
2012-06-22,9220.125
2012-06-23,7638.125
2012-06-24,7377.958333333333
2012-06-25,8085.208333333333
2012-06-26,7761.75
2012-06-27,8407.875
2012-06-28,9976.458333333334
2012-06-29,10653.125
2012-06-30,8371.833333333334
2012-07-01,8666.958333333334
2012-07-02,9499.583333333334
2012-07-03,9179.416666666666
2012-07-04,9227.166666666666
2012-07-05,9386.458333333334
2012-07-06,10385.166666666666
2012-07-07,10274.083333333334
2012-07-08,8723.291666666666
2012-07-09,8991.958333333334
2012-07-10,8999.25
2012-07-11,8882.5
2012-07-12,9390.958333333334
2012-07-13,9457.166666666666
2012-07-14,8003.291666666667
2012-07-15,8519.75
2012-07-16,10318.916666666666
2012-07-17,11117.125
2012-07-18,10968.333333333334
2012-07-19,9518.333333333334
2012-07-20,8288.458333333334
2012-07-21,7536.041666666667
2012-07-22,8297.25
2012-07-23,10267.541666666666
2012-07-24,10253.958333333334
2012-07-25,9186.75
2012-07-26,10294.291666666666
2012-07-27,9544.166666666666
2012-07-28,7817.583333333333
2012-07-29,7555.125
2012-07-30,9076.375
2012-07-31,9665.25
2012-08-01,9597.208333333334
2012-08-02,9370.208333333334
2012-08-03,10068.375
2012-08-04,9557.416666666666
2012-08-05,8492.5
2012-08-06,8817.458333333334
2012-08-07,8942.916666666666
2012-08-08,9420.75
2012-08-09,8855.041666666666
2012-08-10,8028.791666666667
2012-08-11,6542.291666666667
2012-08-12,6609.75
2012-08-13,8069.333333333333
2012-08-14,8061.583333333333
2012-08-15,8240.5
2012-08-16,8599.458333333334
2012-08-17,8270.583333333334
2012-08-18,6815.541666666667
2012-08-19,6409.791666666667
2012-08-20,7614.625
2012-08-21,7686.375
2012-08-22,7927.416666666667
2012-08-23,8358.083333333334
2012-08-24,8795.75
2012-08-25,8403.208333333334
2012-08-26,8070.333333333333
2012-08-27,8619.875
2012-08-28,8764.791666666666
2012-08-29,8126.5
2012-08-30,8186.041666666667
2012-08-31,9003.583333333334
2012-09-01,8239.083333333334
2012-09-02,7390.625
2012-09-03,7993.708333333333
2012-09-04,8850.291666666666
2012-09-05,8962.333333333334
2012-09-06,9271.958333333334
2012-09-07,8704.125
2012-09-08,6917.333333333333
2012-09-09,6162.125
2012-09-10,7234.791666666667
2012-09-11,7445.708333333333
2012-09-12,7771.083333333333
2012-09-13,8119.041666666667
2012-09-14,7538.5
2012-09-15,6328.0
2012-09-16,6088.833333333333
2012-09-17,7234.75
2012-09-18,7352.083333333333
2012-09-19,6965.958333333333
2012-09-20,7121.083333333333
2012-09-21,7108.75
2012-09-22,6255.958333333333
2012-09-23,5961.791666666667
2012-09-24,7031.458333333333
2012-09-25,7220.916666666667
2012-09-26,7305.416666666667
2012-09-27,7076.541666666667
2012-09-28,6922.208333333333
2012-09-29,6088.333333333333
2012-09-30,5867.041666666667
2012-10-01,6951.333333333333
2012-10-02,7164.875
2012-10-03,7274.166666666667
2012-10-04,7248.708333333333
2012-10-05,7069.333333333333
2012-10-06,6223.541666666667
2012-10-07,6209.125
2012-10-08,7298.416666666667
2012-10-09,7341.833333333333
2012-10-10,7282.0
2012-10-11,7360.916666666667
2012-10-12,7144.75
2012-10-13,6474.625
2012-10-14,6014.208333333333
2012-10-15,7015.458333333333
2012-10-16,7257.666666666667
2012-10-17,7278.041666666667
2012-10-18,7211.375
2012-10-19,7171.583333333333
2012-10-20,6443.0
2012-10-21,6125.875
2012-10-22,7276.833333333333
2012-10-23,7318.166666666667
2012-10-24,7386.75
2012-10-25,7375.833333333333
2012-10-26,7138.5
2012-10-27,6508.416666666667
2012-10-28,6498.125
2012-10-29,7734.625
2012-10-30,7548.125
2012-10-31,7678.916666666667
2012-11-01,7762.458333333333
2012-11-02,7751.041666666667
2012-11-03,6995.833333333333
2012-11-04,6945.217391304348
2012-11-05,7904.625
2012-11-06,7752.25
2012-11-07,7846.541666666667
2012-11-08,7822.666666666667
2012-11-09,7495.791666666667
2012-11-10,6416.541666666667
2012-11-11,6010.25
2012-11-12,7230.041666666667
2012-11-13,7914.208333333333
2012-11-14,7978.083333333333
2012-11-15,7942.916666666667
2012-11-16,7666.916666666667
2012-11-17,6948.25
2012-11-18,6684.208333333333
2012-11-19,7678.666666666667
2012-11-20,7660.375
2012-11-21,7366.333333333333
2012-11-22,6005.75
2012-11-23,6361.625
2012-11-24,6973.166666666667
2012-11-25,6938.458333333333
2012-11-26,7908.208333333333
2012-11-27,8182.208333333333
2012-11-28,8220.541666666666
2012-11-29,8146.25
2012-11-30,7846.5
2012-12-01,6985.958333333333
2012-12-02,6650.958333333333
2012-12-03,7450.375
2012-12-04,7586.5
2012-12-05,8100.791666666667
2012-12-06,8199.958333333334
2012-12-07,7855.458333333333
2012-12-08,7058.333333333333
2012-12-09,6999.25
2012-12-10,7910.875
2012-12-11,8411.666666666666
2012-12-12,8406.291666666666
2012-12-13,8354.625
2012-12-14,8082.708333333333
2012-12-15,7435.416666666667
2012-12-16,6630.75
2012-12-17,7720.0
2012-12-18,8045.208333333333
2012-12-19,8032.791666666667
2012-12-20,8188.083333333333
2012-12-21,8303.5
2012-12-22,7605.166666666667
2012-12-23,7243.0
2012-12-24,7133.416666666667
2012-12-25,6632.541666666667
2012-12-26,7803.916666666667
2012-12-27,7996.375
2012-12-28,7924.666666666667
2012-12-29,7468.833333333333
2012-12-30,7393.041666666667
2012-12-31,7522.5
2013-01-01,7077.541666666667
2013-01-02,8559.666666666666
2013-01-03,8904.375
2013-01-04,8555.75
2013-01-05,7726.75
2013-01-06,7347.166666666667
2013-01-07,8307.083333333334
2013-01-08,8397.291666666666
2013-01-09,8111.666666666667
2013-01-10,8232.208333333334
2013-01-11,7848.791666666667
2013-01-12,6725.375
2013-01-13,6478.041666666667
2013-01-14,8153.75
2013-01-15,8487.333333333334
2013-01-16,8387.0
2013-01-17,8345.208333333334
2013-01-18,8433.458333333334
2013-01-19,7187.791666666667
2013-01-20,7181.916666666667
2013-01-21,8653.291666666666
2013-01-22,9410.0
2013-01-23,9407.666666666666
2013-01-24,9125.125
2013-01-25,9138.208333333334
2013-01-26,8109.791666666667
2013-01-27,7775.125
2013-01-28,8319.916666666666
2013-01-29,7852.625
2013-01-30,7592.125
2013-01-31,8700.125
2013-02-01,9107.166666666666
2013-02-02,8358.541666666666
2013-02-03,7817.875
2013-02-04,8844.25
2013-02-05,8706.625
2013-02-06,8567.958333333334
2013-02-07,8458.0
2013-02-08,8504.833333333334
2013-02-09,7772.458333333333
2013-02-10,7332.416666666667
2013-02-11,8005.75
2013-02-12,8424.0
2013-02-13,8460.5
2013-02-14,8418.25
2013-02-15,8224.25
2013-02-16,7692.291666666667
2013-02-17,7686.041666666667
2013-02-18,8529.666666666666
2013-02-19,8644.875
2013-02-20,9088.333333333334
2013-02-21,8997.416666666666
2013-02-22,8669.75
2013-02-23,7470.75
2013-02-24,7334.583333333333
2013-02-25,8174.166666666667
2013-02-26,8509.666666666666
2013-02-27,8327.333333333334
2013-02-28,8460.0
2013-03-01,8411.583333333334
2013-03-02,7767.041666666667
2013-03-03,7594.25
2013-03-04,8413.166666666666
2013-03-05,8456.458333333334
2013-03-06,8247.041666666666
2013-03-07,8186.291666666667
2013-03-08,8121.25
2013-03-09,7132.0
2013-03-10,6369.608695652174
2013-03-11,7455.708333333333
2013-03-12,8155.958333333333
2013-03-13,8361.125
2013-03-14,8334.75
2013-03-15,8068.708333333333
2013-03-16,7422.625
2013-03-17,7156.333333333333
2013-03-18,8412.333333333334
2013-03-19,8504.541666666666
2013-03-20,8525.458333333334
2013-03-21,8751.416666666666
2013-03-22,8361.416666666666
2013-03-23,7381.041666666667
2013-03-24,7262.958333333333
2013-03-25,8247.041666666666
2013-03-26,8155.958333333333
2013-03-27,8079.625
2013-03-28,7898.041666666667
2013-03-29,6985.791666666667
2013-03-30,6477.583333333333
2013-03-31,6132.958333333333
2013-04-01,7489.791666666667
2013-04-02,8081.666666666667
2013-04-03,7933.791666666667
2013-04-04,7893.708333333333
2013-04-05,7582.791666666667
2013-04-06,6907.458333333333
2013-04-07,6220.625
2013-04-08,7263.75
2013-04-09,7219.416666666667
2013-04-10,7379.083333333333
2013-04-11,7568.541666666667
2013-04-12,7544.833333333333
2013-04-13,6922.625
2013-04-14,6499.875
2013-04-15,7159.75
2013-04-16,7224.375
2013-04-17,7180.708333333333
2013-04-18,7314.416666666667
2013-04-19,7164.583333333333
2013-04-20,6719.083333333333
2013-04-21,6422.375
2013-04-22,7289.541666666667
2013-04-23,7276.166666666667
2013-04-24,7342.958333333333
2013-04-25,7576.833333333333
2013-04-26,7348.875
2013-04-27,6341.75
2013-04-28,6140.25
2013-04-29,7168.791666666667
2013-04-30,7248.166666666667
2013-05-01,7413.791666666667
2013-05-02,7354.666666666667
2013-05-03,7162.625
2013-05-04,6116.625
2013-05-05,5891.833333333333
2013-05-06,7024.0
2013-05-07,7268.25
2013-05-08,7279.708333333333
2013-05-09,7350.0
2013-05-10,7231.291666666667
2013-05-11,6215.916666666667
2013-05-12,6048.666666666667
2013-05-13,7212.791666666667
2013-05-14,7275.875
2013-05-15,7506.208333333333
2013-05-16,7529.791666666667
2013-05-17,7253.125
2013-05-18,6565.958333333333
2013-05-19,6716.875
2013-05-20,8690.666666666666
2013-05-21,9189.333333333334
2013-05-22,8861.916666666666
2013-05-23,7761.0
2013-05-24,7002.083333333333
2013-05-25,6115.083333333333
2013-05-26,5705.666666666667
2013-05-27,5784.375
2013-05-28,7430.375
2013-05-29,8574.791666666666
2013-05-30,9192.416666666666
2013-05-31,8988.375
2013-06-01,7785.833333333333
2013-06-02,6966.375
2013-06-03,7178.958333333333
2013-06-04,7054.791666666667
2013-06-05,7202.75
2013-06-06,7283.375
2013-06-07,7024.458333333333
2013-06-08,6358.541666666667
2013-06-09,6419.083333333333
2013-06-10,7807.416666666667
2013-06-11,8035.0
2013-06-12,8436.666666666666
2013-06-13,7800.708333333333
2013-06-14,7409.083333333333
2013-06-15,6756.166666666667
2013-06-16,6811.333333333333
2013-06-17,8487.416666666666
2013-06-18,8104.541666666667
2013-06-19,7611.291666666667
2013-06-20,7901.083333333333
2013-06-21,8483.0
2013-06-22,8549.333333333334
2013-06-23,8775.166666666666
2013-06-24,9981.791666666666
2013-06-25,9792.333333333334
2013-06-26,9160.0
2013-06-27,8896.916666666666
2013-06-28,8424.333333333334
2013-06-29,7205.875
2013-06-30,6934.875
2013-07-01,7668.375
2013-07-02,8042.291666666667
2013-07-03,8702.125
2013-07-04,7504.083333333333
2013-07-05,7777.0
2013-07-06,7820.958333333333
2013-07-07,7524.25
2013-07-08,8952.833333333334
2013-07-09,9356.708333333334
2013-07-10,9237.666666666666
2013-07-11,8377.791666666666
2013-07-12,8154.916666666667
2013-07-13,7964.5
2013-07-14,8655.791666666666
2013-07-15,10457.958333333334
2013-07-16,10713.583333333334
2013-07-17,10946.708333333334
2013-07-18,11190.0
2013-07-19,11118.541666666666
2013-07-20,8657.958333333334
2013-07-21,8214.958333333334
2013-07-22,8534.541666666666
2013-07-23,8924.375
2013-07-24,7888.833333333333
2013-07-25,7638.916666666667
2013-07-26,7907.708333333333
2013-07-27,6935.416666666667
2013-07-28,6350.416666666667
2013-07-29,7358.5
2013-07-30,7715.708333333333
2013-07-31,8065.208333333333
2013-08-01,8281.041666666666
2013-08-02,7635.666666666667
2013-08-03,7231.208333333333
2013-08-04,6517.666666666667
2013-08-05,7413.75
2013-08-06,7899.291666666667
2013-08-07,8343.0
2013-08-08,8898.916666666666
2013-08-09,8431.0
2013-08-10,7303.666666666667
2013-08-11,7155.041666666667
2013-08-12,8377.041666666666
2013-08-13,8002.875
2013-08-14,7322.666666666667
2013-08-15,7397.833333333333
2013-08-16,7418.333333333333
2013-08-17,6803.958333333333
2013-08-18,6693.416666666667
2013-08-19,8293.958333333334
2013-08-20,8692.291666666666
2013-08-21,9139.208333333334
2013-08-22,9129.875
2013-08-23,8839.75
2013-08-24,7363.416666666667
2013-08-25,7385.75
2013-08-26,9191.291666666666
2013-08-27,9481.916666666666
2013-08-28,9317.666666666666
2013-08-29,9608.666666666666
2013-08-30,9460.375
2013-08-31,8485.458333333334
2013-09-01,7757.916666666667
2013-09-02,7447.125
2013-09-03,7380.208333333333
2013-09-04,7767.166666666667
2013-09-05,7823.708333333333
2013-09-06,7440.875
2013-09-07,6957.791666666667
2013-09-08,6944.25
2013-09-09,7951.5
2013-09-10,10125.5
2013-09-11,10386.041666666666
2013-09-12,8770.833333333334
2013-09-13,7224.958333333333
2013-09-14,6302.458333333333
2013-09-15,6067.625
2013-09-16,7251.0
2013-09-17,7260.958333333333
2013-09-18,7305.833333333333
2013-09-19,7669.875
2013-09-20,8206.125
2013-09-21,6883.375
2013-09-22,6060.291666666667
2013-09-23,7097.041666666667
2013-09-24,7262.208333333333
2013-09-25,7312.041666666667
2013-09-26,7278.375
2013-09-27,7122.708333333333
2013-09-28,6430.416666666667
2013-09-29,6175.291666666667
2013-09-30,7294.958333333333
2013-10-01,7470.208333333333
2013-10-02,7680.666666666667
2013-10-03,7859.083333333333
2013-10-04,7944.958333333333
2013-10-05,7116.041666666667
2013-10-06,6947.75
2013-10-07,7145.041666666667
2013-10-08,7216.666666666667
2013-10-09,7114.166666666667
2013-10-10,7190.0
2013-10-11,7146.666666666667
2013-10-12,6447.083333333333
2013-10-13,6237.291666666667
2013-10-14,7144.666666666667
2013-10-15,7275.541666666667
2013-10-16,7299.75
2013-10-17,7240.333333333333
2013-10-18,7163.625
2013-10-19,6605.375
2013-10-20,6362.375
2013-10-21,7304.5
2013-10-22,7483.375
2013-10-23,7730.875
2013-10-24,7809.75
2013-10-25,7638.791666666667
2013-10-26,7027.0
2013-10-27,6587.875
2013-10-28,7569.916666666667
2013-10-29,7519.208333333333
2013-10-30,7443.666666666667
2013-10-31,7354.416666666667
2013-11-01,7138.458333333333
2013-11-02,6595.875
2013-11-03,6392.478260869565
2013-11-04,7641.375
2013-11-05,7426.25
2013-11-06,7348.083333333333
2013-11-07,7481.083333333333
2013-11-08,7681.583333333333
2013-11-09,6980.708333333333
2013-11-10,6708.125
2013-11-11,7949.291666666667
2013-11-12,8311.125
2013-11-13,8338.833333333334
2013-11-14,8114.833333333333
2013-11-15,7686.083333333333
2013-11-16,6830.166666666667
2013-11-17,6396.791666666667
2013-11-18,7684.875
2013-11-19,8083.875
2013-11-20,8192.25
2013-11-21,8068.583333333333
2013-11-22,7842.25
2013-11-23,7743.958333333333
2013-11-24,8022.583333333333
2013-11-25,8887.833333333334
2013-11-26,8498.291666666666
2013-11-27,8492.708333333334
2013-11-28,7268.583333333333
2013-11-29,7290.416666666667
2013-11-30,7324.041666666667
2013-12-01,7191.75
2013-12-02,8164.5
2013-12-03,8152.083333333333
2013-12-04,7959.125
2013-12-05,7833.875
2013-12-06,8496.958333333334
2013-12-07,8085.583333333333
2013-12-08,8061.375
2013-12-09,8835.583333333334
2013-12-10,9073.0
2013-12-11,9306.583333333334
2013-12-12,9463.416666666666
2013-12-13,9067.75
2013-12-14,8294.791666666666
2013-12-15,8139.916666666667
2013-12-16,9231.5
2013-12-17,9119.708333333334
2013-12-18,9033.416666666666
2013-12-19,8608.291666666666
2013-12-20,8173.75
2013-12-21,7246.541666666667
2013-12-22,6961.333333333333
2013-12-23,7904.041666666667
2013-12-24,7845.0
2013-12-25,7498.375
2013-12-26,7912.583333333333
2013-12-27,7893.708333333333
2013-12-28,7153.625
2013-12-29,7082.208333333333
2013-12-30,8280.041666666666
2013-12-31,8170.958333333333
2014-01-01,7640.458333333333
2014-01-02,8845.5
2014-01-03,9318.375
2014-01-04,8455.708333333334
2014-01-05,7710.083333333333
2014-01-06,9368.625
2014-01-07,10281.291666666666
2014-01-08,9730.083333333334
2014-01-09,9174.458333333334
2014-01-10,8590.583333333334
2014-01-11,7532.125
2014-01-12,7529.958333333333
2014-01-13,8259.916666666666
2014-01-14,8169.208333333333
2014-01-15,8757.375
2014-01-16,9015.458333333334
2014-01-17,8665.666666666666
2014-01-18,8506.875
2014-01-19,8005.958333333333
2014-01-20,8676.916666666666
2014-01-21,9487.791666666666
2014-01-22,9968.041666666666
2014-01-23,9769.375
2014-01-24,9953.458333333334
2014-01-25,8854.166666666666
2014-01-26,8708.791666666666
2014-01-27,9474.791666666666
2014-01-28,10125.041666666666
2014-01-29,10137.25
2014-01-30,9590.375
2014-01-31,8798.875
2014-02-01,7900.041666666667
2014-02-02,7736.833333333333
2014-02-03,8841.041666666666
2014-02-04,9337.416666666666
2014-02-05,9170.791666666666
2014-02-06,9383.958333333334
2014-02-07,9737.708333333334
2014-02-08,8911.291666666666
2014-02-09,8323.708333333334
2014-02-10,9352.291666666666
2014-02-11,9614.666666666666
2014-02-12,9506.291666666666
2014-02-13,9063.0
2014-02-14,8932.208333333334
2014-02-15,8366.625
2014-02-16,8501.458333333334
2014-02-17,9382.791666666666
2014-02-18,8827.125
2014-02-19,8276.166666666666
2014-02-20,8585.041666666666
2014-02-21,8262.416666666666
2014-02-22,7599.208333333333
2014-02-23,7409.0
2014-02-24,9044.458333333334
2014-02-25,9272.583333333334
2014-02-26,9508.416666666666
2014-02-27,9598.583333333334
2014-02-28,9505.25
2014-03-01,8162.333333333333
2014-03-02,8175.291666666667
2014-03-03,9471.5
2014-03-04,9418.125
2014-03-05,9177.666666666666
2014-03-06,8998.166666666666
2014-03-07,8285.958333333334
2014-03-08,7626.25
2014-03-09,7510.739130434783
2014-03-10,7993.666666666667
2014-03-11,7791.625
2014-03-12,8342.583333333334
2014-03-13,8999.458333333334
2014-03-14,8154.083333333333
2014-03-15,7271.75
2014-03-16,7762.208333333333
2014-03-17,8729.583333333334
2014-03-18,8307.5
2014-03-19,8122.75
2014-03-20,8313.416666666666
2014-03-21,8126.958333333333
2014-03-22,7252.791666666667
2014-03-23,7402.958333333333
2014-03-24,8566.166666666666
2014-03-25,8605.875
2014-03-26,8700.125
2014-03-27,8498.291666666666
2014-03-28,7726.958333333333
2014-03-29,7398.708333333333
2014-03-30,7055.583333333333
2014-03-31,7729.75
2014-04-01,7417.916666666667
2014-04-02,7320.416666666667
2014-04-03,7921.083333333333
2014-04-04,7711.666666666667
2014-04-05,7128.666666666667
2014-04-06,6648.041666666667
2014-04-07,7774.541666666667
2014-04-08,7676.458333333333
2014-04-09,7515.166666666667
2014-04-10,7480.958333333333
2014-04-11,7249.083333333333
2014-04-12,6512.375
2014-04-13,6103.333333333333
2014-04-14,7162.5
2014-04-15,7947.625
2014-04-16,8052.791666666667
2014-04-17,7514.083333333333
2014-04-18,6635.458333333333
2014-04-19,6174.208333333333
2014-04-20,5873.25
2014-04-21,7039.333333333333
2014-04-22,7184.0
2014-04-23,7504.458333333333
2014-04-24,7407.416666666667
2014-04-25,7323.333333333333
2014-04-26,6485.75
2014-04-27,6213.291666666667
2014-04-28,7378.291666666667
2014-04-29,7347.583333333333
2014-04-30,7247.333333333333
2014-05-01,7253.291666666667
2014-05-02,7221.0
2014-05-03,6452.708333333333
2014-05-04,6097.708333333333
2014-05-05,7249.125
2014-05-06,7293.041666666667
2014-05-07,7298.416666666667
2014-05-08,7564.541666666667
2014-05-09,7601.666666666667
2014-05-10,6409.291666666667
2014-05-11,6101.583333333333
2014-05-12,7686.625
2014-05-13,8398.958333333334
2014-05-14,7735.458333333333
2014-05-15,7463.041666666667
2014-05-16,7175.458333333333
2014-05-17,6543.333333333333
2014-05-18,6129.75
2014-05-19,7190.875
2014-05-20,7376.833333333333
2014-05-21,7813.666666666667
2014-05-22,7557.541666666667
2014-05-23,7043.75
2014-05-24,6210.708333333333
2014-05-25,6055.041666666667
2014-05-26,6524.416666666667
2014-05-27,8501.166666666666
2014-05-28,8417.791666666666
2014-05-29,7811.833333333333
2014-05-30,7630.833333333333
2014-05-31,6995.541666666667
2014-06-01,6907.875
2014-06-02,8686.125
2014-06-03,8970.25
2014-06-04,7657.958333333333
2014-06-05,7488.75
2014-06-06,7471.916666666667
2014-06-07,6910.875
2014-06-08,6369.125
2014-06-09,7502.958333333333
2014-06-10,7754.125
2014-06-11,8177.416666666667
2014-06-12,8310.208333333334
2014-06-13,7760.875
2014-06-14,6486.083333333333
2014-06-15,6519.5
2014-06-16,8919.791666666666
2014-06-17,9891.166666666666
2014-06-18,9726.958333333334
2014-06-19,8615.416666666666
2014-06-20,8061.75
2014-06-21,7176.083333333333
2014-06-22,7009.833333333333
2014-06-23,8897.125
2014-06-24,9171.041666666666
2014-06-25,8723.625
2014-06-26,8611.5
2014-06-27,8813.375
2014-06-28,8754.333333333334
2014-06-29,8661.666666666666
2014-06-30,9834.75
2014-07-01,10133.958333333334
2014-07-02,9633.166666666666
2014-07-03,7894.75
2014-07-04,6186.75
2014-07-05,6331.666666666667
2014-07-06,6618.458333333333
2014-07-07,8635.416666666666
2014-07-08,8726.833333333334
2014-07-09,8374.5
2014-07-10,8231.0
2014-07-11,8391.083333333334
2014-07-12,8176.166666666667
2014-07-13,8314.5
2014-07-14,9101.458333333334
2014-07-15,8363.958333333334
2014-07-16,7440.833333333333
2014-07-17,7707.166666666667
2014-07-18,7696.791666666667
2014-07-19,6931.291666666667
2014-07-20,7065.791666666667
2014-07-21,8881.291666666666
2014-07-22,9704.416666666666
2014-07-23,8795.666666666666
2014-07-24,7806.291666666667
2014-07-25,7711.916666666667
2014-07-26,7551.333333333333
2014-07-27,7742.583333333333
2014-07-28,7573.541666666667
2014-07-29,7389.666666666667
2014-07-30,7531.958333333333
2014-07-31,7823.833333333333
2014-08-01,8349.708333333334
2014-08-02,7185.833333333333
2014-08-03,7049.333333333333
2014-08-04,8626.333333333334
2014-08-05,8517.208333333334
2014-08-06,8447.875
2014-08-07,8203.541666666666
2014-08-08,8097.125
2014-08-09,7447.041666666667
2014-08-10,7749.625
2014-08-11,8438.583333333334
2014-08-12,8497.875
2014-08-13,7933.25
2014-08-14,7509.541666666667
2014-08-15,7325.416666666667
2014-08-16,6777.416666666667
2014-08-17,7125.791666666667
2014-08-18,8352.833333333334
2014-08-19,8994.833333333334
2014-08-20,9132.75
2014-08-21,9070.25
2014-08-22,9418.416666666666
2014-08-23,8523.125
2014-08-24,7966.041666666667
2014-08-25,9327.958333333334
2014-08-26,9741.458333333334
2014-08-27,9260.666666666666
2014-08-28,8132.583333333333
2014-08-29,7874.666666666667
2014-08-30,8132.416666666667
2014-08-31,7752.0
2014-09-01,8002.125
2014-09-02,8817.791666666666
2014-09-03,8751.75
2014-09-04,9301.875
2014-09-05,10040.125
2014-09-06,7678.458333333333
2014-09-07,6609.041666666667
2014-09-08,7804.791666666667
2014-09-09,8253.75
2014-09-10,8443.75
2014-09-11,7817.625
2014-09-12,7216.083333333333
2014-09-13,6499.541666666667
2014-09-14,6161.291666666667
2014-09-15,7268.041666666667
2014-09-16,7326.375
2014-09-17,7211.958333333333
2014-09-18,7326.791666666667
2014-09-19,7208.541666666667
2014-09-20,6748.5
2014-09-21,6654.0
2014-09-22,7167.666666666667
2014-09-23,7327.666666666667
2014-09-24,7414.083333333333
2014-09-25,7474.25
2014-09-26,7423.916666666667
2014-09-27,6617.666666666667
2014-09-28,6352.041666666667
2014-09-29,7551.666666666667
2014-09-30,7412.5
2014-10-01,7315.666666666667
2014-10-02,7370.458333333333
2014-10-03,7374.041666666667
2014-10-04,6465.458333333333
2014-10-05,6385.333333333333
2014-10-06,7335.0
2014-10-07,7413.416666666667
2014-10-08,7286.833333333333
2014-10-09,7328.458333333333
2014-10-10,7320.291666666667
2014-10-11,6513.166666666667
2014-10-12,6292.583333333333
2014-10-13,7261.125
2014-10-14,7478.75
2014-10-15,7258.083333333333
2014-10-16,7250.75
2014-10-17,7128.833333333333
2014-10-18,6532.75
2014-10-19,6325.583333333333
2014-10-20,7345.291666666667
2014-10-21,7498.875
2014-10-22,7537.583333333333
2014-10-23,7393.916666666667
2014-10-24,7311.875
2014-10-25,6467.0
2014-10-26,6160.541666666667
2014-10-27,7328.583333333333
2014-10-28,7236.333333333333
2014-10-29,7248.083333333333
2014-10-30,7357.625
2014-10-31,7392.208333333333
2014-11-01,6967.708333333333
2014-11-02,6688.52
2014-11-03,7464.0
2014-11-04,7288.958333333333
2014-11-05,7163.458333333333
2014-11-06,7342.708333333333
2014-11-07,7693.541666666667
2014-11-08,7235.833333333333
2014-11-09,6772.333333333333
2014-11-10,7525.125
2014-11-11,7458.916666666667
2014-11-12,7897.041666666667
2014-11-13,8255.916666666666
2014-11-14,8277.833333333334
2014-11-15,7519.791666666667
2014-11-16,7373.25
2014-11-17,8498.958333333334
2014-11-18,9256.458333333334
2014-11-19,9172.333333333334
2014-11-20,8936.291666666666
2014-11-21,8792.166666666666
2014-11-22,7991.333333333333
2014-11-23,6931.541666666667
2014-11-24,7638.833333333333
2014-11-25,8282.916666666666
2014-11-26,8228.833333333334
2014-11-27,7021.333333333333
2014-11-28,7461.583333333333
2014-11-29,7204.458333333333
2014-11-30,6651.791666666667
2014-12-01,8061.208333333333
2014-12-02,8794.833333333334
2014-12-03,8541.583333333334
2014-12-04,8693.541666666666
2014-12-05,8435.416666666666
2014-12-06,7748.083333333333
2014-12-07,7524.458333333333
2014-12-08,8485.125
2014-12-09,8397.291666666666
2014-12-10,8746.458333333334
2014-12-11,8843.041666666666
2014-12-12,8704.416666666666
2014-12-13,7953.416666666667
2014-12-14,7171.875
2014-12-15,7951.666666666667
2014-12-16,8141.791666666667
2014-12-17,8478.875
2014-12-18,8863.291666666666
2014-12-19,8694.875
2014-12-20,7976.833333333333
2014-12-21,7764.75
2014-12-22,8452.833333333334
2014-12-23,7905.166666666667
2014-12-24,6660.458333333333
2014-12-25,6502.458333333333
2014-12-26,6878.416666666667
2014-12-27,6828.25
2014-12-28,7045.708333333333
2014-12-29,8072.75
2014-12-30,8408.25
2014-12-31,8076.666666666667
2015-01-01,7454.708333333333
2015-01-02,7649.208333333333
2015-01-03,7519.25
2015-01-04,7056.208333333333
2015-01-05,9147.25
2015-01-06,9346.875
2015-01-07,9644.958333333334
2015-01-08,10018.75
2015-01-09,9610.041666666666
2015-01-10,9223.958333333334
2015-01-11,8227.625
2015-01-12,8773.208333333334
2015-01-13,9266.416666666666
2015-01-14,9602.0
2015-01-15,9225.583333333334
2015-01-16,8801.375
2015-01-17,8027.583333333333
2015-01-18,7391.916666666667
2015-01-19,8296.291666666666
2015-01-20,8609.125
2015-01-21,8764.041666666666
2015-01-22,8746.041666666666
2015-01-23,8651.916666666666
2015-01-24,7967.666666666667
2015-01-25,7684.791666666667
2015-01-26,8975.916666666666
2015-01-27,9237.583333333334
2015-01-28,9168.458333333334
2015-01-29,8856.458333333334
2015-01-30,8984.333333333334
2015-01-31,8392.125
2015-02-01,7737.625
2015-02-02,8728.666666666666
2015-02-03,9224.625
2015-02-04,8767.083333333334
2015-02-05,9229.416666666666
2015-02-06,9219.666666666666
2015-02-07,7775.916666666667
2015-02-08,7091.375
2015-02-09,8740.75
2015-02-10,8989.5
2015-02-11,8869.583333333334
2015-02-12,9162.416666666666
2015-02-13,9428.375
2015-02-14,8614.25
2015-02-15,8990.666666666666
2015-02-16,9912.791666666666
2015-02-17,9564.291666666666
2015-02-18,9425.833333333334
2015-02-19,9906.125
2015-02-20,9879.208333333334
2015-02-21,8597.416666666666
2015-02-22,8018.625
2015-02-23,9475.125
2015-02-24,9888.625
2015-02-25,9140.875
2015-02-26,9506.916666666666
2015-02-27,9506.916666666666
2015-02-28,8711.166666666666
2015-03-01,8031.75
2015-03-02,8800.166666666666
2015-03-03,9011.041666666666
2015-03-04,8575.833333333334
2015-03-05,9088.833333333334
2015-03-06,9153.916666666666
2015-03-07,8003.166666666667
2015-03-08,7151.521739130435
2015-03-09,7848.083333333333
2015-03-10,8072.666666666667
2015-03-11,7784.5
2015-03-12,7933.75
2015-03-13,7876.75
2015-03-14,7006.0
2015-03-15,6893.458333333333
2015-03-16,7631.0
2015-03-17,7737.875
2015-03-18,8009.125
2015-03-19,7997.75
2015-03-20,7812.0
2015-03-21,7016.166666666667
2015-03-22,7083.833333333333
2015-03-23,8381.833333333334
2015-03-24,8236.958333333334
2015-03-25,7960.041666666667
2015-03-26,7852.541666666667
2015-03-27,8244.333333333334
2015-03-28,7794.625
2015-03-29,7316.416666666667
2015-03-30,7690.583333333333
2015-03-31,7817.583333333333
2015-04-01,7632.791666666667
2015-04-02,7389.75
2015-04-03,6658.125
2015-04-04,6488.875
2015-04-05,6040.125
2015-04-06,7204.875
2015-04-07,7491.458333333333
2015-04-08,7467.416666666667
2015-04-09,7426.916666666667
2015-04-10,7082.708333333333
2015-04-11,6432.75
2015-04-12,6156.458333333333
2015-04-13,7193.875
2015-04-14,7240.25
2015-04-15,7332.458333333333
2015-04-16,7339.916666666667
2015-04-17,7089.791666666667
2015-04-18,6155.791666666667
2015-04-19,5956.375
2015-04-20,7035.291666666667
2015-04-21,7292.333333333333
2015-04-22,7548.833333333333
2015-04-23,7812.791666666667
2015-04-24,7453.041666666667
2015-04-25,6551.458333333333
2015-04-26,6281.625
2015-04-27,7444.291666666667
2015-04-28,7286.416666666667
2015-04-29,7153.375
2015-04-30,7203.125
2015-05-01,6988.666666666667
2015-05-02,6141.375
2015-05-03,5940.125
2015-05-04,7163.833333333333
2015-05-05,7244.291666666667
2015-05-06,7383.125
2015-05-07,7690.625
2015-05-08,8076.208333333333
2015-05-09,7496.208333333333
2015-05-10,7124.708333333333
2015-05-11,8418.166666666666
2015-05-12,7410.958333333333
2015-05-13,7042.791666666667
2015-05-14,7231.708333333333
2015-05-15,7192.0
2015-05-16,6684.958333333333
2015-05-17,6857.041666666667
2015-05-18,8451.916666666666
2015-05-19,7525.833333333333
2015-05-20,7153.916666666667
2015-05-21,7124.375
2015-05-22,6794.416666666667
2015-05-23,5968.0
2015-05-24,5937.916666666667
2015-05-25,6525.083333333333
2015-05-26,8365.541666666666
2015-05-27,8572.5
2015-05-28,8241.416666666666
2015-05-29,8450.333333333334
2015-05-30,7895.291666666667
2015-05-31,6432.0
2015-06-01,6881.333333333333
2015-06-02,6990.833333333333
2015-06-03,7178.083333333333
2015-06-04,7646.5
2015-06-05,8178.333333333333
2015-06-06,6664.333333333333
2015-06-07,6695.083333333333
2015-06-08,8145.208333333333
2015-06-09,7752.875
2015-06-10,8411.708333333334
2015-06-11,8928.625
2015-06-12,8842.208333333334
2015-06-13,7570.541666666667
2015-06-14,7841.041666666667
2015-06-15,9171.916666666666
2015-06-16,8945.958333333334
2015-06-17,7926.125
2015-06-18,8763.041666666666
2015-06-19,8016.416666666667
2015-06-20,7187.666666666667
2015-06-21,7461.291666666667
2015-06-22,9134.416666666666
2015-06-23,9267.708333333334
2015-06-24,8293.791666666666
2015-06-25,7746.791666666667
2015-06-26,7852.166666666667
2015-06-27,6848.0
2015-06-28,6205.166666666667
2015-06-29,7142.166666666667
2015-06-30,7506.666666666667
2015-07-01,7546.916666666667
2015-07-02,7385.583333333333
2015-07-03,6555.083333333333
2015-07-04,6283.375
2015-07-05,6412.958333333333
2015-07-06,8370.0
2015-07-07,8811.666666666666
2015-07-08,7661.458333333333
2015-07-09,7795.833333333333
2015-07-10,7763.625
2015-07-11,7206.291666666667
2015-07-12,6843.25
2015-07-13,8404.083333333334
2015-07-14,8611.0
2015-07-15,7878.833333333333
2015-07-16,7736.541666666667
2015-07-17,8410.166666666666
2015-07-18,9029.0
2015-07-19,8900.541666666666
2015-07-20,9395.583333333334
2015-07-21,8951.875
2015-07-22,8207.458333333334
2015-07-23,8368.708333333334
2015-07-24,8677.125
2015-07-25,8417.166666666666
2015-07-26,8230.958333333334
2015-07-27,9407.875
2015-07-28,9814.708333333334
2015-07-29,10055.0
2015-07-30,9636.708333333334
2015-07-31,9082.583333333334
2015-08-01,7878.583333333333
2015-08-02,8087.125
2015-08-03,8919.208333333334
2015-08-04,8532.166666666666
2015-08-05,8297.916666666666
2015-08-06,7837.291666666667
2015-08-07,7927.416666666667
2015-08-08,7501.041666666667
2015-08-09,7688.958333333333
2015-08-10,8963.708333333334
2015-08-11,8691.958333333334
2015-08-12,8117.791666666667
2015-08-13,8124.833333333333
2015-08-14,8800.791666666666
2015-08-15,8296.291666666666
2015-08-16,8342.75
2015-08-17,9541.833333333334
2015-08-18,9452.875
2015-08-19,9827.166666666666
2015-08-20,8895.5
2015-08-21,7876.875
2015-08-22,7049.541666666667
2015-08-23,7153.25
2015-08-24,8029.166666666667
2015-08-25,7322.583333333333
2015-08-26,7100.208333333333
2015-08-27,7380.875
2015-08-28,7438.291666666667
2015-08-29,7174.375
2015-08-30,7720.666666666667
2015-08-31,9301.583333333334
2015-09-01,9600.625
2015-09-02,9771.041666666666
2015-09-03,9719.791666666666
2015-09-04,8976.083333333334
2015-09-05,8168.666666666667
2015-09-06,8189.083333333333
2015-09-07,8595.875
2015-09-08,9810.916666666666
2015-09-09,9090.375
2015-09-10,8264.458333333334
2015-09-11,7526.625
2015-09-12,6399.333333333333
2015-09-13,5970.041666666667
2015-09-14,7084.208333333333
2015-09-15,7567.541666666667
2015-09-16,8001.75
2015-09-17,8094.5
2015-09-18,7933.291666666667
2015-09-19,7042.625
2015-09-20,6118.5
2015-09-21,7119.416666666667
2015-09-22,7444.875
2015-09-23,7520.458333333333
2015-09-24,7587.75
2015-09-25,7355.958333333333
2015-09-26,6500.666666666667
2015-09-27,6324.208333333333
2015-09-28,7764.25
2015-09-29,7827.416666666667
2015-09-30,7199.916666666667
2015-10-01,6955.166666666667
2015-10-02,6916.875
2015-10-03,6451.5
2015-10-04,6005.291666666667
2015-10-05,6982.5
2015-10-06,7146.458333333333
2015-10-07,7140.833333333333
2015-10-08,7233.083333333333
2015-10-09,7113.166666666667
2015-10-10,6154.375
2015-10-11,5985.958333333333
2015-10-12,7029.791666666667
2015-10-13,7137.416666666667
2015-10-14,7160.708333333333
2015-10-15,7207.125
2015-10-16,7051.458333333333
2015-10-17,6573.166666666667
2015-10-18,6482.625
2015-10-19,7373.541666666667
2015-10-20,7210.5
2015-10-21,7177.833333333333
2015-10-22,7061.5
2015-10-23,7016.833333333333
2015-10-24,6391.708333333333
2015-10-25,6021.458333333333
2015-10-26,7120.583333333333
2015-10-27,7311.583333333333
2015-10-28,7306.083333333333
2015-10-29,7241.666666666667
2015-10-30,7216.75
2015-10-31,6535.708333333333
2015-11-01,6107.8
2015-11-02,7040.25
2015-11-03,7054.458333333333
2015-11-04,7053.416666666667
2015-11-05,7139.208333333333
2015-11-06,6962.291666666667
2015-11-07,6287.958333333333
2015-11-08,6278.375
2015-11-09,7412.125
2015-11-10,7429.833333333333
2015-11-11,7288.791666666667
2015-11-12,7421.416666666667
2015-11-13,7485.291666666667
2015-11-14,6827.541666666667
2015-11-15,6373.666666666667
2015-11-16,7199.791666666667
2015-11-17,7356.125
2015-11-18,7265.0
2015-11-19,7196.708333333333
2015-11-20,7471.833333333333
2015-11-21,6989.083333333333
2015-11-22,7040.916666666667
2015-11-23,8059.625
2015-11-24,7730.833333333333
2015-11-25,7451.666666666667
2015-11-26,5975.166666666667
2015-11-27,6030.708333333333
2015-11-28,6425.708333333333
2015-11-29,6631.958333333333
2015-11-30,7686.0
2015-12-01,7643.041666666667
2015-12-02,7721.791666666667
2015-12-03,8034.25
2015-12-04,7959.5
2015-12-05,7381.0
2015-12-06,7090.333333333333
2015-12-07,7882.375
2015-12-08,8002.041666666667
2015-12-09,7844.375
2015-12-10,7684.375
2015-12-11,7381.166666666667
2015-12-12,6652.791666666667
2015-12-13,6352.125
2015-12-14,7311.5
2015-12-15,7726.083333333333
2015-12-16,7595.166666666667
2015-12-17,7679.916666666667
2015-12-18,8054.583333333333
2015-12-19,7641.583333333333
2015-12-20,7428.166666666667
2015-12-21,7855.541666666667
2015-12-22,7383.875
2015-12-23,7277.875
2015-12-24,6172.083333333333
2015-12-25,5955.958333333333
2015-12-26,6295.0
2015-12-27,6413.791666666667
2015-12-28,7701.625
2015-12-29,7424.25
2015-12-30,7425.416666666667
2015-12-31,7231.791666666667
2016-01-01,6944.791666666667
2016-01-02,7158.75
2016-01-03,7221.708333333333
2016-01-04,8407.541666666666
2016-01-05,8771.25
2016-01-06,8510.375
2016-01-07,8211.666666666666
2016-01-08,8137.125
2016-01-09,6892.625
2016-01-10,7146.0
2016-01-11,8912.458333333334
2016-01-12,9009.416666666666
2016-01-13,9354.583333333334
2016-01-14,8526.166666666666
2016-01-15,7887.375
2016-01-16,7464.333333333333
2016-01-17,7669.666666666667
2016-01-18,9342.25
2016-01-19,9404.208333333334
2016-01-20,9282.458333333334
2016-01-21,8992.833333333334
2016-01-22,8810.166666666666
2016-01-23,8116.25
2016-01-24,7800.916666666667
2016-01-25,8325.125
2016-01-26,8245.375
2016-01-27,8452.0
2016-01-28,8344.791666666666
2016-01-29,8338.958333333334
2016-01-30,7414.875
2016-01-31,6663.791666666667
2016-02-01,7598.833333333333
2016-02-02,8054.416666666667
2016-02-03,7562.875
2016-02-04,8119.875
2016-02-05,8070.25
2016-02-06,7166.625
2016-02-07,6884.375
2016-02-08,7827.125
2016-02-09,8366.833333333334
2016-02-10,8753.458333333334
2016-02-11,9042.916666666666
2016-02-12,9031.666666666666
2016-02-13,8647.666666666666
2016-02-14,8269.916666666666
2016-02-15,8710.333333333334
2016-02-16,8412.125
2016-02-17,8308.125
2016-02-18,8439.541666666666
2016-02-19,7946.791666666667
2016-02-20,6622.833333333333
2016-02-21,6634.208333333333
2016-02-22,7814.5
2016-02-23,7946.25
2016-02-24,8065.833333333333
2016-02-25,8292.041666666666
2016-02-26,8326.416666666666
2016-02-27,7296.375
2016-02-28,6610.166666666667
2016-02-29,7541.125
2016-03-01,7872.291666666667
2016-03-02,8427.416666666666
2016-03-03,8409.125
2016-03-04,8150.958333333333
2016-03-05,7458.5
2016-03-06,7116.791666666667
2016-03-07,7550.0
2016-03-08,7248.875
2016-03-09,7085.208333333333
2016-03-10,7218.0
2016-03-11,7367.375
2016-03-12,6724.875
2016-03-13,6410.434782608696
2016-03-14,7237.458333333333
2016-03-15,7174.208333333333
2016-03-16,7205.0
2016-03-17,7190.583333333333
2016-03-18,7239.166666666667
2016-03-19,6939.791666666667
2016-03-20,6838.208333333333
2016-03-21,7772.291666666667
2016-03-22,7546.291666666667
2016-03-23,7117.75
2016-03-24,7043.583333333333
2016-03-25,6765.333333333333
2016-03-26,6464.458333333333
2016-03-27,5904.875
2016-03-28,7084.458333333333
2016-03-29,7380.791666666667
2016-03-30,7327.75
2016-03-31,7169.875
2016-04-01,6936.541666666667
2016-04-02,6747.666666666667
2016-04-03,6857.708333333333
2016-04-04,7675.166666666667
2016-04-05,7906.208333333333
2016-04-06,7689.166666666667
2016-04-07,7513.333333333333
2016-04-08,7680.666666666667
2016-04-09,7237.25
2016-04-10,7222.041666666667
2016-04-11,7569.708333333333
2016-04-12,7559.833333333333
2016-04-13,7578.333333333333
2016-04-14,7318.666666666667
2016-04-15,7025.791666666667
2016-04-16,6118.666666666667
2016-04-17,5949.875
2016-04-18,7002.541666666667
2016-04-19,6978.916666666667
2016-04-20,6977.833333333333
2016-04-21,7089.833333333333
2016-04-22,6936.208333333333
2016-04-23,6214.166666666667
2016-04-24,6007.291666666667
2016-04-25,7055.875
2016-04-26,6987.833333333333
2016-04-27,7000.416666666667
2016-04-28,7120.708333333333
2016-04-29,7067.5
2016-04-30,6302.583333333333
2016-05-01,5982.375
2016-05-02,6968.375
2016-05-03,7019.0
2016-05-04,6980.291666666667
2016-05-05,6945.5
2016-05-06,6813.5
2016-05-07,6044.125
2016-05-08,5747.0
2016-05-09,6842.125
2016-05-10,7031.583333333333
2016-05-11,6940.291666666667
2016-05-12,7231.708333333333
2016-05-13,6912.75
2016-05-14,6169.291666666667
2016-05-15,6146.0
2016-05-16,7036.875
2016-05-17,7002.041666666667
2016-05-18,6943.583333333333
2016-05-19,6948.083333333333
2016-05-20,6875.291666666667
2016-05-21,6141.833333333333
2016-05-22,5850.416666666667
2016-05-23,7033.875
2016-05-24,7410.166666666667
2016-05-25,7765.416666666667
2016-05-26,8392.416666666666
2016-05-27,8657.625
2016-05-28,7943.75
2016-05-29,7202.416666666667
2016-05-30,7140.458333333333
2016-05-31,8197.708333333334
2016-06-01,8416.875
2016-06-02,8811.083333333334
2016-06-03,8459.541666666666
2016-06-04,6986.708333333333
2016-06-05,6787.5
2016-06-06,7826.666666666667
2016-06-07,7323.166666666667
2016-06-08,7017.875
2016-06-09,7083.708333333333
2016-06-10,7760.75
2016-06-11,8656.791666666666
2016-06-12,7128.458333333333
2016-06-13,7334.375
2016-06-14,7634.75
2016-06-15,8513.5
2016-06-16,8609.583333333334
2016-06-17,8358.583333333334
2016-06-18,7639.583333333333
2016-06-19,7814.375
2016-06-20,9481.166666666666
2016-06-21,9129.416666666666
2016-06-22,8298.833333333334
2016-06-23,8168.5
2016-06-24,8117.583333333333
2016-06-25,7814.791666666667
2016-06-26,8491.583333333334
2016-06-27,9921.083333333334
2016-06-28,8457.666666666666
2016-06-29,7612.5
2016-06-30,7842.416666666667
2016-07-01,7577.041666666667
2016-07-02,6298.333333333333
2016-07-03,6063.375
2016-07-04,6303.708333333333
2016-07-05,8458.083333333334
2016-07-06,9140.75
2016-07-07,9579.625
2016-07-08,9683.458333333334
2016-07-09,8049.583333333333
2016-07-10,7613.625
2016-07-11,9149.0
2016-07-12,10124.5
2016-07-13,10490.25
2016-07-14,9594.791666666666
2016-07-15,9382.583333333334
2016-07-16,7611.916666666667
2016-07-17,7708.416666666667
2016-07-18,9630.875
2016-07-19,9312.666666666666
2016-07-20,8970.541666666666
2016-07-21,9613.791666666666
2016-07-22,10191.375
2016-07-23,9906.916666666666
2016-07-24,8650.25
2016-07-25,10227.958333333334
2016-07-26,9717.875
2016-07-27,9658.208333333334
2016-07-28,9436.333333333334
2016-07-29,9251.166666666666
2016-07-30,8148.625
2016-07-31,8090.166666666667
2016-08-01,9510.875
2016-08-02,9691.458333333334
2016-08-03,9782.25
2016-08-04,10044.583333333334
2016-08-05,10225.583333333334
2016-08-06,8802.333333333334
2016-08-07,7844.041666666667
2016-08-08,9104.541666666666
2016-08-09,9765.375
2016-08-10,10182.125
2016-08-11,10335.583333333334
2016-08-12,10486.083333333334
2016-08-13,9397.583333333334
2016-08-14,8118.208333333333
2016-08-15,8975.833333333334
2016-08-16,9447.875
2016-08-17,9265.208333333334
2016-08-18,9381.208333333334
2016-08-19,9466.166666666666
2016-08-20,8898.875
2016-08-21,7841.791666666667
2016-08-22,8168.416666666667
2016-08-23,8338.708333333334
2016-08-24,8903.041666666666
2016-08-25,10201.125
2016-08-26,9756.333333333334
2016-08-27,8817.25
2016-08-28,8922.0
2016-08-29,9656.708333333334
2016-08-30,9181.5
2016-08-31,9081.958333333334
2016-09-01,8046.958333333333
2016-09-02,7512.458333333333
2016-09-03,6557.208333333333
2016-09-04,6477.416666666667
2016-09-05,7227.25
2016-09-06,9479.041666666666
2016-09-07,10410.958333333334
2016-09-08,10199.583333333334
2016-09-09,9535.625
2016-09-10,8748.125
2016-09-11,6830.75
2016-09-12,7718.375
2016-09-13,8060.708333333333
2016-09-14,7844.125
2016-09-15,7613.916666666667
2016-09-16,7858.166666666667
2016-09-17,7577.791666666667
2016-09-18,7364.5
2016-09-19,8536.291666666666
2016-09-20,8618.375
2016-09-21,8611.791666666666
2016-09-22,8821.291666666666
2016-09-23,8867.25
2016-09-24,7039.458333333333
2016-09-25,6281.208333333333
2016-09-26,7246.5
2016-09-27,7138.666666666667
2016-09-28,7165.375
2016-09-29,7194.625
2016-09-30,7085.916666666667
2016-10-01,6288.583333333333
2016-10-02,6008.916666666667
2016-10-03,7001.625
2016-10-04,7275.125
2016-10-05,7374.375
2016-10-06,7651.5
2016-10-07,7491.958333333333
2016-10-08,6324.0
2016-10-09,5930.833333333333
2016-10-10,6885.958333333333
2016-10-11,7096.416666666667
2016-10-12,7195.083333333333
2016-10-13,7087.25
2016-10-14,7010.0
2016-10-15,6300.958333333333
2016-10-16,6162.625
2016-10-17,7601.833333333333
2016-10-18,7845.916666666667
2016-10-19,7564.041666666667
2016-10-20,7281.291666666667
2016-10-21,7143.458333333333
2016-10-22,6501.458333333333
2016-10-23,6126.916666666667
2016-10-24,7038.041666666667
2016-10-25,7313.125
2016-10-26,7434.458333333333
2016-10-27,7462.833333333333
2016-10-28,7160.25
2016-10-29,6351.791666666667
2016-10-30,6097.208333333333
2016-10-31,7096.625
2016-11-01,7301.375
2016-11-02,7285.416666666667
2016-11-03,7231.0
2016-11-04,7056.625
2016-11-05,6502.0
2016-11-06,6148.84
2016-11-07,7036.625
2016-11-08,7080.708333333333
2016-11-09,7133.416666666667
2016-11-10,7195.25
2016-11-11,7082.958333333333
2016-11-12,6677.0
2016-11-13,6499.291666666667
2016-11-14,7433.291666666667
2016-11-15,7410.125
2016-11-16,7418.083333333333
2016-11-17,7404.541666666667
2016-11-18,7159.833333333333
2016-11-19,6818.833333333333
2016-11-20,7261.5
2016-11-21,8169.958333333333
2016-11-22,8184.291666666667
2016-11-23,7872.166666666667
2016-11-24,6328.041666666667
2016-11-25,6460.625
2016-11-26,6586.541666666667
2016-11-27,6515.708333333333
2016-11-28,7656.5
2016-11-29,7424.083333333333
2016-11-30,7345.75
2016-12-01,7849.875
2016-12-02,7892.625
2016-12-03,7307.791666666667
2016-12-04,7015.791666666667
2016-12-05,8067.75
2016-12-06,8401.875
2016-12-07,8241.875
2016-12-08,8781.5
2016-12-09,8816.916666666666
2016-12-10,8051.166666666667
2016-12-11,7779.375
2016-12-12,8493.041666666666
2016-12-13,8838.208333333334
2016-12-14,9036.541666666666
2016-12-15,9565.833333333334
2016-12-16,9519.458333333334
2016-12-17,8145.208333333333
2016-12-18,7928.625
2016-12-19,9164.625
2016-12-20,9007.083333333334
2016-12-21,8731.208333333334
2016-12-22,8309.791666666666
2016-12-23,7764.083333333333
2016-12-24,6828.208333333333
2016-12-25,6619.833333333333
2016-12-26,6578.916666666667
2016-12-27,7463.541666666667
2016-12-28,7684.291666666667
2016-12-29,7741.291666666667
2016-12-30,7788.75
2016-12-31,7213.208333333333
2017-01-01,6695.0
2017-01-02,7041.666666666667
2017-01-03,7745.75
2017-01-04,8532.875
2017-01-05,9094.208333333334
2017-01-06,9239.791666666666
2017-01-07,8766.375
2017-01-08,8485.875
2017-01-09,9138.166666666666
2017-01-10,8719.166666666666
2017-01-11,8035.291666666667
2017-01-12,7943.458333333333
2017-01-13,8406.291666666666
2017-01-14,7733.958333333333
2017-01-15,7391.125
2017-01-16,8246.541666666666
2017-01-17,7908.333333333333
2017-01-18,8085.333333333333
2017-01-19,8026.833333333333
2017-01-20,7854.416666666667
2017-01-21,6746.791666666667
2017-01-22,6364.333333333333
2017-01-23,7618.208333333333
2017-01-24,8057.25
2017-01-25,7940.166666666667
2017-01-26,8152.125
2017-01-27,8260.166666666666
2017-01-28,7846.791666666667
2017-01-29,7400.0
2017-01-30,8439.375
2017-01-31,8547.333333333334
2017-02-01,8126.75
2017-02-02,8493.916666666666
2017-02-03,8791.833333333334
2017-02-04,7939.0
2017-02-05,7194.5
2017-02-06,7851.75
2017-02-07,7701.5
2017-02-08,7971.333333333333
2017-02-09,8654.041666666666
2017-02-10,8720.375
2017-02-11,7225.541666666667
2017-02-12,6863.5
2017-02-13,8013.291666666667
2017-02-14,7973.458333333333
2017-02-15,8267.083333333334
2017-02-16,8478.25
2017-02-17,7917.625
2017-02-18,6618.208333333333
2017-02-19,6174.791666666667
2017-02-20,7256.208333333333
2017-02-21,7427.333333333333
2017-02-22,7260.166666666667
2017-02-23,7151.458333333333
2017-02-24,7043.375
2017-02-25,6765.791666666667
2017-02-26,6902.791666666667
2017-02-27,7677.333333333333
2017-02-28,7580.5
2017-03-01,7402.25
2017-03-02,8078.416666666667
2017-03-03,8313.791666666666
2017-03-04,7509.5
2017-03-05,7156.208333333333
2017-03-06,7564.041666666667
2017-03-07,7529.375
2017-03-08,7473.875
2017-03-09,7485.541666666667
2017-03-10,7989.125
2017-03-11,7768.833333333333
2017-03-12,7456.652173913043
2017-03-13,8517.291666666666
2017-03-14,8834.25
2017-03-15,8847.916666666666
2017-03-16,8416.0
2017-03-17,8276.541666666666
2017-03-18,7399.541666666667
2017-03-19,7069.458333333333
2017-03-20,7801.25
2017-03-21,7519.416666666667
2017-03-22,8056.166666666667
2017-03-23,8094.291666666667
2017-03-24,7325.25
2017-03-25,6331.0
2017-03-26,6228.083333333333
2017-03-27,7074.666666666667
2017-03-28,7326.583333333333
2017-03-29,7339.583333333333
2017-03-30,7468.708333333333
2017-03-31,7337.458333333333
2017-04-01,6836.458333333333
2017-04-02,6411.208333333333
2017-04-03,7116.583333333333
2017-04-04,7157.416666666667
2017-04-05,7128.916666666667
2017-04-06,7479.291666666667
2017-04-07,7794.833333333333
2017-04-08,6725.25
2017-04-09,6175.916666666667
2017-04-10,6991.041666666667
2017-04-11,6973.708333333333
2017-04-12,6957.625
2017-04-13,7067.583333333333
2017-04-14,6408.083333333333
2017-04-15,5957.708333333333
2017-04-16,5685.291666666667
2017-04-17,6598.666666666667
2017-04-18,6993.75
2017-04-19,7213.75
2017-04-20,7235.125
2017-04-21,6853.416666666667
2017-04-22,6271.833333333333
2017-04-23,6058.708333333333
2017-04-24,6880.708333333333
2017-04-25,6877.166666666667
2017-04-26,7169.0
2017-04-27,7204.333333333333
2017-04-28,6814.791666666667
2017-04-29,6229.291666666667
2017-04-30,6197.291666666667
2017-05-01,7125.458333333333
2017-05-02,7036.333333333333
2017-05-03,7097.083333333333
2017-05-04,7199.583333333333
2017-05-05,7167.666666666667
2017-05-06,6561.083333333333
2017-05-07,6084.833333333333
2017-05-08,7022.958333333333
2017-05-09,7123.541666666667
2017-05-10,6940.958333333333
2017-05-11,6951.125
2017-05-12,6829.083333333333
2017-05-13,6121.875
2017-05-14,5825.083333333333
2017-05-15,6923.833333333333
2017-05-16,7450.375
2017-05-17,8204.75
2017-05-18,8660.0
2017-05-19,7351.208333333333
2017-05-20,6271.625
2017-05-21,6261.458333333333
2017-05-22,7049.583333333333
2017-05-23,7211.25
2017-05-24,7097.875
2017-05-25,7058.25
2017-05-26,6805.166666666667
2017-05-27,6050.458333333333
2017-05-28,6051.583333333333
2017-05-29,6182.75
2017-05-30,7220.208333333333
2017-05-31,7260.041666666667
2017-06-01,7212.916666666667
2017-06-02,7183.25
2017-06-03,6639.5
2017-06-04,6712.625
2017-06-05,7473.375
2017-06-06,6872.583333333333
2017-06-07,6893.958333333333
2017-06-08,7041.75
2017-06-09,7125.125
2017-06-10,7314.041666666667
2017-06-11,7794.125
2017-06-12,9555.583333333334
2017-06-13,9988.833333333334
2017-06-14,9418.291666666666
2017-06-15,9257.666666666666
2017-06-16,9549.583333333334
2017-06-17,9003.083333333334
2017-06-18,8449.041666666666
2017-06-19,8351.083333333334
2017-06-20,7834.875
2017-06-21,7950.791666666667
2017-06-22,8715.125
2017-06-23,8495.666666666666
2017-06-24,7297.166666666667
2017-06-25,6484.791666666667
2017-06-26,7206.916666666667
2017-06-27,7111.125
2017-06-28,7420.875
2017-06-29,8569.375
2017-06-30,8818.041666666666
2017-07-01,7715.291666666667
2017-07-02,7573.5
2017-07-03,8016.166666666667
2017-07-04,7298.833333333333
2017-07-05,8316.625
2017-07-06,8667.875
2017-07-07,8402.708333333334
2017-07-08,7449.333333333333
2017-07-09,6907.75
2017-07-10,7709.833333333333
2017-07-11,8845.458333333334
2017-07-12,9274.291666666666
2017-07-13,9249.0
2017-07-14,9384.375
2017-07-15,7700.125
2017-07-16,7637.625
2017-07-17,8732.125
2017-07-18,9029.791666666666
2017-07-19,9928.333333333334
2017-07-20,10051.958333333334
2017-07-21,10072.25
2017-07-22,8561.75
2017-07-23,8332.458333333334
2017-07-24,8191.875
2017-07-25,7827.75
2017-07-26,8197.208333333334
2017-07-27,8949.708333333334
2017-07-28,8449.291666666666
2017-07-29,6990.125
2017-07-30,7374.666666666667
2017-07-31,8810.208333333334
2017-08-01,9121.416666666666
2017-08-02,9211.833333333334
2017-08-03,9138.916666666666
2017-08-04,8289.083333333334
2017-08-05,6701.333333333333
2017-08-06,6517.416666666667
2017-08-07,7811.541666666667
2017-08-08,8004.875
2017-08-09,8137.708333333333
2017-08-10,8250.0
2017-08-11,8196.625
2017-08-12,7268.541666666667
2017-08-13,6967.916666666667
2017-08-14,8343.083333333334
2017-08-15,9019.041666666666
2017-08-16,9062.791666666666
2017-08-17,9205.875
2017-08-18,9274.0
2017-08-19,7769.5
2017-08-20,7670.208333333333
2017-08-21,9603.083333333334
2017-08-22,9315.291666666666
2017-08-23,8115.0
2017-08-24,7474.208333333333
2017-08-25,7162.083333333333
2017-08-26,6420.041666666667
2017-08-27,6415.75
2017-08-28,7620.291666666667
2017-08-29,7656.333333333333
2017-08-30,7846.333333333333
2017-08-31,7470.458333333333
2017-09-01,6810.5
2017-09-02,5946.375
2017-09-03,5826.375
2017-09-04,6485.375
2017-09-05,7459.666666666667
2017-09-06,7117.333333333333
2017-09-07,7027.708333333333
2017-09-08,6953.291666666667
2017-09-09,6199.375
2017-09-10,5936.625
2017-09-11,6941.708333333333
2017-09-12,7104.916666666667
2017-09-13,7540.291666666667
2017-09-14,7443.833333333333
2017-09-15,7493.375
2017-09-16,6966.833333333333
2017-09-17,7005.083333333333
2017-09-18,8154.5
2017-09-19,8134.916666666667
2017-09-20,8502.083333333334
2017-09-21,8998.666666666666
2017-09-22,8896.166666666666
2017-09-23,7957.791666666667
2017-09-24,8006.208333333333
2017-09-25,9269.5
2017-09-26,9378.125
2017-09-27,8971.666666666666
2017-09-28,7344.791666666667
2017-09-29,6923.416666666667
2017-09-30,6116.958333333333
2017-10-01,5974.833333333333
2017-10-02,7052.0
2017-10-03,7333.208333333333
2017-10-04,7700.791666666667
2017-10-05,7475.958333333333
2017-10-06,7342.458333333333
2017-10-07,6988.041666666667
2017-10-08,6515.291666666667
2017-10-09,7547.833333333333
2017-10-10,7568.625
2017-10-11,7234.958333333333
2017-10-12,7142.75
2017-10-13,7176.25
2017-10-14,6518.166666666667
2017-10-15,6377.5
2017-10-16,6784.291666666667
2017-10-17,7034.916666666667
2017-10-18,7042.541666666667
2017-10-19,7078.791666666667
2017-10-20,6942.208333333333
2017-10-21,6272.666666666667
2017-10-22,6084.375
2017-10-23,7057.416666666667
2017-10-24,7016.416666666667
2017-10-25,7177.041666666667
2017-10-26,7264.25
2017-10-27,7120.375
2017-10-28,6608.75
2017-10-29,6527.416666666667
2017-10-30,7527.0
2017-10-31,7612.166666666667
2017-11-01,7661.875
2017-11-02,7289.041666666667
2017-11-03,7022.416666666667
2017-11-04,6572.916666666667
2017-11-05,6210.0
2017-11-06,6951.583333333333
2017-11-07,7262.833333333333
2017-11-08,7308.75
2017-11-09,7430.583333333333
2017-11-10,7854.416666666667
2017-11-11,7499.833333333333
2017-11-12,7037.5
2017-11-13,7801.083333333333
2017-11-14,7746.25
2017-11-15,7936.458333333333
2017-11-16,7800.208333333333
2017-11-17,7680.916666666667
2017-11-18,7088.666666666667
2017-11-19,7147.416666666667
2017-11-20,7920.416666666667
2017-11-21,7723.666666666667
2017-11-22,7639.0
2017-11-23,6646.166666666667
2017-11-24,6526.083333333333
2017-11-25,6310.083333333333
2017-11-26,6573.083333333333
2017-11-27,7492.083333333333
2017-11-28,7450.833333333333
2017-11-29,7370.583333333333
2017-11-30,7756.416666666667
2017-12-01,7640.375
2017-12-02,7222.708333333333
2017-12-03,6882.458333333333
2017-12-04,7708.541666666667
2017-12-05,7667.0
2017-12-06,8238.875
2017-12-07,8405.583333333334
2017-12-08,8460.875
2017-12-09,7859.541666666667
2017-12-10,7627.208333333333
2017-12-11,8361.375
2017-12-12,8713.333333333334
2017-12-13,9034.208333333334
2017-12-14,8836.75
2017-12-15,8935.0
2017-12-16,7789.166666666667
2017-12-17,7458.833333333333
2017-12-18,8028.416666666667
2017-12-19,7773.375
2017-12-20,8055.833333333333
2017-12-21,8203.208333333334
2017-12-22,7715.416666666667
2017-12-23,7135.25
2017-12-24,6946.333333333333
2017-12-25,7222.5
2017-12-26,8232.833333333334
2017-12-27,8919.041666666666
2017-12-28,8974.5
2017-12-29,8606.791666666666
2017-12-30,8198.375
2017-12-31,8150.791666666667
2018-01-01,8406.291666666666
2018-01-02,9340.541666666666
2018-01-03,9541.125
2018-01-04,9495.416666666666
2018-01-05,9844.416666666666
2018-01-06,9298.25
2018-01-07,8911.875
2018-01-08,8654.458333333334
2018-01-09,8472.166666666666
2018-01-10,8344.25
2018-01-11,7631.916666666667
2018-01-12,7948.583333333333
2018-01-13,8426.166666666666
2018-01-14,8344.041666666666
2018-01-15,9094.291666666666
2018-01-16,9203.75
2018-01-17,9538.291666666666
2018-01-18,9285.625
2018-01-19,8659.291666666666
2018-01-20,7499.875
2018-01-21,7039.958333333333
2018-01-22,7564.333333333333
2018-01-23,7887.166666666667
2018-01-24,8521.25
2018-01-25,8498.916666666666
2018-01-26,7976.166666666667
2018-01-27,7160.875
2018-01-28,6896.583333333333
2018-01-29,8175.0
2018-01-30,8886.666666666666
2018-01-31,8595.166666666666
2018-02-01,8195.916666666666
2018-02-02,9035.583333333334
2018-02-03,8217.666666666666
2018-02-04,7580.708333333333
2018-02-05,8820.25
2018-02-06,8745.208333333334
2018-02-07,8721.625
2018-02-08,8891.833333333334
2018-02-09,8666.375
2018-02-10,7703.958333333333
2018-02-11,7471.625
2018-02-12,8343.875
2018-02-13,8478.166666666666
2018-02-14,7934.708333333333
2018-02-15,7496.666666666667
2018-02-16,7890.75
2018-02-17,7620.458333333333
2018-02-18,7120.666666666667
2018-02-19,7773.958333333333
2018-02-20,7293.25
2018-02-21,7426.625
2018-02-22,7985.291666666667
2018-02-23,7669.291666666667
2018-02-24,6994.583333333333
2018-02-25,6621.375
2018-02-26,7561.875
2018-02-27,7582.541666666667
2018-02-28,7549.125
2018-03-01,7769.166666666667
2018-03-02,7950.25
2018-03-03,7314.0
2018-03-04,7099.458333333333
2018-03-05,7964.583333333333
2018-03-06,7894.458333333333
2018-03-07,8032.416666666667
2018-03-08,8330.5
2018-03-09,8239.833333333334
2018-03-10,7407.75
2018-03-11,7116.826086956522
2018-03-12,8050.083333333333
2018-03-13,8214.208333333334
2018-03-14,8327.166666666666
2018-03-15,8111.958333333333
2018-03-16,8169.875
2018-03-17,7401.416666666667
2018-03-18,6851.041666666667
2018-03-19,7637.416666666667
2018-03-20,8052.625
2018-03-21,8115.208333333333
2018-03-22,7897.25
2018-03-23,7845.833333333333
2018-03-24,7246.166666666667
2018-03-25,7059.583333333333
2018-03-26,7630.875
2018-03-27,7620.375
2018-03-28,7376.875
2018-03-29,7387.041666666667
2018-03-30,7083.208333333333
2018-03-31,6664.916666666667
2018-04-01,6198.541666666667
2018-04-02,7354.291666666667
2018-04-03,7627.75
2018-04-04,7726.916666666667
2018-04-05,7867.916666666667
2018-04-06,7635.333333333333
2018-04-07,7154.0
2018-04-08,6887.5
2018-04-09,7819.166666666667
2018-04-10,7867.791666666667
2018-04-11,7568.375
2018-04-12,7140.458333333333
2018-04-13,6829.0
2018-04-14,6412.166666666667
2018-04-15,6555.291666666667
2018-04-16,7642.166666666667
2018-04-17,8060.25
2018-04-18,7730.5
2018-04-19,7666.083333333333
2018-04-20,7369.041666666667
2018-04-21,6642.833333333333
2018-04-22,6188.666666666667
2018-04-23,7000.083333333333
2018-04-24,6933.75
2018-04-25,7047.291666666667
2018-04-26,6987.833333333333
2018-04-27,6821.791666666667
2018-04-28,6507.375
2018-04-29,6345.958333333333
2018-04-30,7036.0
2018-05-01,7003.625
2018-05-02,7274.208333333333
2018-05-03,7517.625
2018-05-04,7298.083333333333
2018-05-05,6181.458333333333
2018-05-06,5999.916666666667
2018-05-07,6747.25
2018-05-08,6973.541666666667
2018-05-09,7350.458333333333
2018-05-10,7338.125
2018-05-11,6765.541666666667
2018-05-12,6198.916666666667
2018-05-13,5949.208333333333
2018-05-14,7066.625
2018-05-15,7364.166666666667
2018-05-16,7138.625
2018-05-17,7415.291666666667
2018-05-18,7165.625
2018-05-19,6642.791666666667
2018-05-20,6225.916666666667
2018-05-21,7172.958333333333
2018-05-22,7506.0
2018-05-23,7331.25
2018-05-24,7582.625
2018-05-25,7811.041666666667
2018-05-26,6924.75
2018-05-27,7364.25
2018-05-28,8328.875
2018-05-29,9597.25
2018-05-30,9518.125
2018-05-31,9655.75
2018-06-01,8741.375
2018-06-02,7021.666666666667
2018-06-03,6830.666666666667
2018-06-04,7293.125
2018-06-05,7158.083333333333
2018-06-06,6882.083333333333
2018-06-07,7449.416666666667
2018-06-08,8067.416666666667
2018-06-09,7108.375
2018-06-10,6659.833333333333
2018-06-11,7396.833333333333
2018-06-12,7775.5
2018-06-13,8638.166666666666
2018-06-14,8137.75
2018-06-15,8018.958333333333
2018-06-16,7691.125
2018-06-17,8745.625
2018-06-18,10655.708333333334
2018-06-19,9178.666666666666
2018-06-20,8082.333333333333
2018-06-21,8084.25
2018-06-22,7735.083333333333
2018-06-23,7239.25
2018-06-24,7135.583333333333
2018-06-25,7884.208333333333
2018-06-26,7975.708333333333
2018-06-27,8136.75
2018-06-28,8554.791666666666
2018-06-29,9368.625
2018-06-30,9581.875
2018-07-01,9602.041666666666
2018-07-02,10208.208333333334
2018-07-03,9794.416666666666
2018-07-04,9285.041666666666
2018-07-05,9711.333333333334
2018-07-06,8228.416666666666
2018-07-07,6912.875
2018-07-08,7141.958333333333
2018-07-09,8973.0
2018-07-10,9593.291666666666
2018-07-11,8761.208333333334
2018-07-12,8556.666666666666
2018-07-13,9081.375
2018-07-14,9085.208333333334
2018-07-15,9360.291666666666
2018-07-16,10211.75
2018-07-17,9489.458333333334
2018-07-18,8384.708333333334
2018-07-19,8528.625
2018-07-20,8613.833333333334
2018-07-21,7493.083333333333
2018-07-22,6912.0
2018-07-23,8347.708333333334
2018-07-24,8951.041666666666
2018-07-25,9285.375
2018-07-26,8981.416666666666
2018-07-27,8330.541666666666
2018-07-28,7200.208333333333
2018-07-29,6982.791666666667
2018-07-30,8077.625
2018-07-31,8150.291666666667
2018-08-01,8183.0
2018-08-02,8569.75
2018-08-03,8198.0
