Datetime,PJM_Load_MW
1998-04-01,27813.739130434784
1998-04-02,26605.791666666668
1998-04-03,25672.333333333332
1998-04-04,24487.083333333332
1998-04-05,23487.565217391304
1998-04-06,26679.666666666668
1998-04-07,26805.833333333332
1998-04-08,26540.666666666668
1998-04-09,27400.25
1998-04-10,25057.833333333332
1998-04-11,23067.875
1998-04-12,21677.041666666668
1998-04-13,25535.333333333332
1998-04-14,26061.125
1998-04-15,26190.458333333332
1998-04-16,26540.875
1998-04-17,26620.958333333332
1998-04-18,22774.083333333332
1998-04-19,22617.708333333332
1998-04-20,26209.791666666668
1998-04-21,26418.416666666668
1998-04-22,26169.666666666668
1998-04-23,26289.0
1998-04-24,25949.125
1998-04-25,22630.708333333332
1998-04-26,22306.958333333332
1998-04-27,26044.916666666668
1998-04-28,26454.041666666668
1998-04-29,26469.833333333332
1998-04-30,26317.291666666668
1998-05-01,26088.166666666668
1998-05-02,23021.208333333332
1998-05-03,21968.833333333332
1998-05-04,26257.375
1998-05-05,26577.875
1998-05-06,26641.583333333332
1998-05-07,26794.541666666668
1998-05-08,26482.083333333332
1998-05-09,23562.916666666668
1998-05-10,22177.791666666668
1998-05-11,26501.791666666668
1998-05-12,27696.375
1998-05-13,27232.25
1998-05-14,26465.5
1998-05-15,27276.083333333332
1998-05-16,26124.833333333332
1998-05-17,24592.333333333332
1998-05-18,28856.208333333332
1998-05-19,30789.916666666668
1998-05-20,31921.625
1998-05-21,30832.416666666668
1998-05-22,26407.416666666668
1998-05-23,22677.208333333332
1998-05-24,21668.833333333332
1998-05-25,23132.375
1998-05-26,28145.083333333332
1998-05-27,28624.291666666668
1998-05-28,29879.291666666668
1998-05-29,31558.333333333332
1998-05-30,29639.791666666668
1998-05-31,30181.208333333332
1998-06-01,29801.666666666668
1998-06-02,28224.416666666668
1998-06-03,27626.708333333332
1998-06-04,26594.208333333332
1998-06-05,26288.25
1998-06-06,22998.625
1998-06-07,21785.791666666668
1998-06-08,26107.541666666668
1998-06-09,26892.791666666668
1998-06-10,27089.75
1998-06-11,27342.791666666668
1998-06-12,27915.541666666668
1998-06-13,25736.25
1998-06-14,24194.125
1998-06-15,28888.333333333332
1998-06-16,31859.958333333332
1998-06-17,31906.833333333332
1998-06-18,32576.833333333332
1998-06-19,32309.458333333332
1998-06-20,31420.375
1998-06-21,30826.791666666668
1998-06-22,32828.625
1998-06-23,32828.541666666664
1998-06-24,34714.083333333336
1998-06-25,38110.916666666664
1998-06-26,38800.375
1998-06-27,33671.291666666664
1998-06-28,27616.208333333332
1998-06-29,31272.958333333332
1998-06-30,34012.583333333336
1998-07-01,30564.791666666668
1998-07-02,30659.041666666668
1998-07-03,29078.708333333332
1998-07-04,27582.708333333332
1998-07-05,26786.875
1998-07-06,30619.458333333332
1998-07-07,31424.333333333332
1998-07-08,29338.166666666668
1998-07-09,30439.25
1998-07-10,32702.458333333332
1998-07-11,26840.041666666668
1998-07-12,26090.375
1998-07-13,32466.458333333332
1998-07-14,34770.708333333336
1998-07-15,35643.958333333336
1998-07-16,36653.25
1998-07-17,37378.541666666664
1998-07-18,32750.166666666668
1998-07-19,30566.708333333332
1998-07-20,37764.833333333336
1998-07-21,38775.791666666664
1998-07-22,40323.75
1998-07-23,39398.166666666664
1998-07-24,36084.541666666664
1998-07-25,29905.666666666668
1998-07-26,28013.75
1998-07-27,32998.541666666664
1998-07-28,35596.458333333336
1998-07-29,37873.791666666664
1998-07-30,37056.958333333336
1998-07-31,32601.708333333332
1998-08-01,27015.166666666668
1998-08-02,25786.375
1998-08-03,31401.5
1998-08-04,33270.5
1998-08-05,33819.25
1998-08-06,33994.75
1998-08-07,33710.75
1998-08-08,31770.166666666668
1998-08-09,31638.083333333332
1998-08-10,36293.208333333336
1998-08-11,36435.541666666664
1998-08-12,34783.25
1998-08-13,33158.5
1998-08-14,32128.666666666668
1998-08-15,29836.75
1998-08-16,29985.875
1998-08-17,35428.208333333336
1998-08-18,35803.333333333336
1998-08-19,29157.166666666668
1998-08-20,28448.916666666668
1998-08-21,30488.416666666668
1998-08-22,31069.875
1998-08-23,32197.416666666668
1998-08-24,38720.083333333336
1998-08-25,38848.041666666664
1998-08-26,39335.916666666664
1998-08-27,36979.791666666664
1998-08-28,35965.333333333336
1998-08-29,32918.791666666664
1998-08-30,31839.875
1998-08-31,36323.875
1998-09-01,32924.208333333336
1998-09-02,32356.791666666668
1998-09-03,31441.75
1998-09-04,32099.208333333332
1998-09-05,26529.708333333332
1998-09-06,27237.666666666668
1998-09-07,29718.666666666668
1998-09-08,28703.041666666668
1998-09-09,26993.208333333332
1998-09-10,27098.958333333332
1998-09-11,27694.458333333332
1998-09-12,27608.041666666668
1998-09-13,28876.75
1998-09-14,34116.916666666664
1998-09-15,35504.166666666664
1998-09-16,37139.333333333336
1998-09-17,33084.583333333336
1998-09-18,31015.333333333332
1998-09-19,27214.208333333332
1998-09-20,27183.125
1998-09-21,33677.333333333336
1998-09-22,32511.833333333332
1998-09-23,27097.708333333332
1998-09-24,26450.25
1998-09-25,26849.958333333332
1998-09-26,26018.708333333332
1998-09-27,28916.416666666668
1998-09-28,31264.083333333332
1998-09-29,27657.875
1998-09-30,28608.25
1998-10-01,28795.208333333332
1998-10-02,25944.208333333332
1998-10-03,23068.166666666668
1998-10-04,22794.791666666668
1998-10-05,26366.708333333332
1998-10-06,26515.25
1998-10-07,26675.166666666668
1998-10-08,27723.0
1998-10-09,26936.041666666668
1998-10-10,23509.166666666668
1998-10-11,22266.0
1998-10-12,25984.5
1998-10-13,26796.958333333332
1998-10-14,26551.541666666668
1998-10-15,26523.208333333332
1998-10-16,26343.291666666668
1998-10-17,23497.541666666668
1998-10-18,22503.875
1998-10-19,26581.708333333332
1998-10-20,26408.458333333332
1998-10-21,26708.583333333332
1998-10-22,27375.0
1998-10-23,27090.208333333332
1998-10-24,23618.0
1998-10-25,22661.043478260868
1998-10-26,26139.083333333332
1998-10-27,26642.416666666668
1998-10-28,26888.833333333332
1998-10-29,26713.166666666668
1998-10-30,26883.25
1998-10-31,24050.125
1998-11-01,23175.333333333332
1998-11-02,26899.291666666668
1998-11-03,28014.625
1998-11-04,28492.666666666668
1998-11-05,29238.125
1998-11-06,28909.5
1998-11-07,25793.708333333332
1998-11-08,24612.375
1998-11-09,27992.916666666668
1998-11-10,28907.958333333332
1998-11-11,26961.666666666668
1998-11-12,28012.458333333332
1998-11-13,28238.083333333332
1998-11-14,24885.666666666668
1998-11-15,23244.083333333332
1998-11-16,27843.291666666668
1998-11-17,27739.25
1998-11-18,28046.416666666668
1998-11-19,28751.458333333332
1998-11-20,27452.833333333332
1998-11-21,25842.708333333332
1998-11-22,25041.291666666668
1998-11-23,28435.625
1998-11-24,27425.041666666668
1998-11-25,27914.583333333332
1998-11-26,23082.375
1998-11-27,23918.291666666668
1998-11-28,23954.833333333332
1998-11-29,22728.0
1998-11-30,26192.041666666668
1998-12-01,26962.875
1998-12-02,27903.333333333332
1998-12-03,27579.416666666668
1998-12-04,26776.75
1998-12-05,24050.25
1998-12-06,23027.791666666668
1998-12-07,27006.666666666668
1998-12-08,27727.333333333332
1998-12-09,28435.458333333332
1998-12-10,29752.458333333332
1998-12-11,29034.541666666668
1998-12-12,27576.791666666668
1998-12-13,26254.458333333332
1998-12-14,29883.541666666668
1998-12-15,30775.375
1998-12-16,30298.25
1998-12-17,30415.125
1998-12-18,30642.75
1998-12-19,27693.708333333332
1998-12-20,25509.875
1998-12-21,28646.875
1998-12-22,29571.083333333332
1998-12-23,33521.708333333336
1998-12-24,30467.75
1998-12-25,27278.25
1998-12-26,29377.541666666668
1998-12-27,28184.041666666668
1998-12-28,29965.25
1998-12-29,30203.75
1998-12-30,31748.208333333332
1998-12-31,32606.583333333332
1999-01-01,30106.791666666668
1999-01-02,32500.625
1999-01-03,28176.166666666668
1999-01-04,33434.0
1999-01-05,35478.958333333336
1999-01-06,36164.583333333336
1999-01-07,33364.958333333336
1999-01-08,34743.708333333336
1999-01-09,30086.833333333332
1999-01-10,30344.916666666668
1999-01-11,34576.75
1999-01-12,32207.083333333332
1999-01-13,30535.416666666668
1999-01-14,34796.958333333336
1999-01-15,32615.583333333332
1999-01-16,29433.458333333332
1999-01-17,26024.416666666668
1999-01-18,29162.875
1999-01-19,30044.666666666668
1999-01-20,30317.583333333332
1999-01-21,30981.833333333332
1999-01-22,29858.041666666668
1999-01-23,26302.291666666668
1999-01-24,24852.666666666668
1999-01-25,30410.083333333332
1999-01-26,30727.708333333332
1999-01-27,30800.75
1999-01-28,29454.875
1999-01-29,29490.791666666668
1999-01-30,28441.291666666668
1999-01-31,28796.791666666668
1999-02-01,32527.791666666668
1999-02-02,30294.708333333332
1999-02-03,28659.625
1999-02-04,29827.833333333332
1999-02-05,29918.458333333332
1999-02-06,27792.333333333332
1999-02-07,27164.666666666668
1999-02-08,31047.75
1999-02-09,31120.25
1999-02-10,29439.916666666668
1999-02-11,29303.0
1999-02-12,28038.25
1999-02-13,27869.916666666668
1999-02-14,28017.416666666668
1999-02-15,29891.25
1999-02-16,29323.25
1999-02-17,29412.791666666668
1999-02-18,29591.666666666668
1999-02-19,29905.416666666668
1999-02-20,28020.25
1999-02-21,28561.708333333332
1999-02-22,33838.125
1999-02-23,34506.25
1999-02-24,32872.333333333336
1999-02-25,32238.75
1999-02-26,30431.0
1999-02-27,27214.916666666668
1999-02-28,26063.541666666668
1999-03-01,29636.416666666668
1999-03-02,29748.875
1999-03-03,29010.291666666668
1999-03-04,30566.416666666668
1999-03-05,30508.666666666668
1999-03-06,27613.291666666668
1999-03-07,28805.958333333332
1999-03-08,33240.833333333336
1999-03-09,33084.416666666664
1999-03-10,31464.208333333332
1999-03-11,31954.333333333332
1999-03-12,31785.625
1999-03-13,27857.083333333332
1999-03-14,27496.458333333332
1999-03-15,30744.541666666668
1999-03-16,30209.875
1999-03-17,28530.416666666668
1999-03-18,27413.458333333332
1999-03-19,28186.791666666668
1999-03-20,25726.25
1999-03-21,25726.541666666668
1999-03-22,29142.0
1999-03-23,29186.458333333332
1999-03-24,28034.541666666668
1999-03-25,28040.791666666668
1999-03-26,28470.291666666668
1999-03-27,25954.583333333332
1999-03-28,24618.875
1999-03-29,26952.291666666668
1999-03-30,26881.833333333332
1999-03-31,27100.083333333332
1999-04-01,26554.375
1999-04-02,24155.458333333332
1999-04-03,22514.416666666668
1999-04-04,21258.347826086956
1999-04-05,25748.625
1999-04-06,27043.25
1999-04-07,26370.458333333332
1999-04-08,26589.583333333332
1999-04-09,26324.375
1999-04-10,23648.875
1999-04-11,24225.583333333332
1999-04-12,27441.0
1999-04-13,27381.291666666668
1999-04-14,26916.25
1999-04-15,26629.833333333332
1999-04-16,26689.375
1999-04-17,24020.583333333332
1999-04-18,22955.583333333332
1999-04-19,26810.458333333332
1999-04-20,27482.0
1999-04-21,27578.833333333332
1999-04-22,27050.958333333332
1999-04-23,26431.75
1999-04-24,23760.25
1999-04-25,22670.25
1999-04-26,26239.541666666668
1999-04-27,25926.25
1999-04-28,26047.708333333332
1999-04-29,26088.791666666668
1999-04-30,25668.5
1999-05-01,22786.666666666668
1999-05-02,21782.458333333332
1999-05-03,26082.416666666668
1999-05-04,26389.791666666668
1999-05-05,26893.375
1999-05-06,26693.541666666668
1999-05-07,26600.416666666668
1999-05-08,23915.583333333332
1999-05-09,22243.291666666668
1999-05-10,26406.5
1999-05-11,26690.375
1999-05-12,27316.291666666668
1999-05-13,26787.875
1999-05-14,25941.083333333332
1999-05-15,23020.833333333332
1999-05-16,22019.833333333332
1999-05-17,26419.875
1999-05-18,27393.333333333332
1999-05-19,27946.666666666668
1999-05-20,27060.291666666668
1999-05-21,26853.416666666668
1999-05-22,24708.75
1999-05-23,23792.25
1999-05-24,27616.625
1999-05-25,26759.416666666668
1999-05-26,27073.708333333332
1999-05-27,26855.375
1999-05-28,27399.375
1999-05-29,25810.708333333332
1999-05-30,26433.291666666668
1999-05-31,28112.791666666668
1999-06-01,33397.875
1999-06-02,35328.625
1999-06-03,34104.583333333336
1999-06-04,29866.208333333332
1999-06-05,25907.083333333332
1999-06-06,25950.125
1999-06-07,36972.375
1999-06-08,40371.041666666664
1999-06-09,37757.5
1999-06-10,30779.416666666668
1999-06-11,29149.291666666668
1999-06-12,25876.541666666668
1999-06-13,26454.5
1999-06-14,32493.125
1999-06-15,32220.375
1999-06-16,29395.291666666668
1999-06-17,28463.5
1999-06-18,27399.625
1999-06-19,25121.416666666668
1999-06-20,23432.958333333332
1999-06-21,27442.166666666668
1999-06-22,29457.666666666668
1999-06-23,31851.958333333332
1999-06-24,32195.0
1999-06-25,32722.958333333332
1999-06-26,33537.958333333336
1999-06-27,34659.125
1999-06-28,39399.333333333336
1999-06-29,40499.125
1999-06-30,33949.25
1999-07-01,34750.416666666664
1999-07-02,36828.166666666664
1999-07-03,35296.166666666664
1999-07-04,37066.375
1999-07-05,40505.833333333336
1999-07-06,44800.75
1999-07-07,41879.416666666664
1999-07-08,36853.166666666664
1999-07-09,35862.166666666664
1999-07-10,33996.625
1999-07-11,26935.458333333332
1999-07-12,29487.416666666668
1999-07-13,30035.291666666668
1999-07-14,29979.958333333332
1999-07-15,32546.291666666668
1999-07-16,38614.083333333336
1999-07-17,37977.125
1999-07-18,37765.333333333336
1999-07-19,41842.541666666664
1999-07-20,37999.166666666664
1999-07-21,36237.541666666664
1999-07-22,37004.583333333336
1999-07-23,40070.833333333336
1999-07-24,38229.416666666664
1999-07-25,36881.208333333336
1999-07-26,39113.916666666664
1999-07-27,39761.375
1999-07-28,40244.791666666664
1999-07-29,38560.0
1999-07-30,39589.208333333336
1999-07-31,38605.166666666664
1999-08-01,38095.625
1999-08-02,37592.083333333336
1999-08-03,35468.541666666664
1999-08-04,35705.833333333336
1999-08-05,36197.375
1999-08-06,35246.458333333336
1999-08-07,32101.666666666668
1999-08-08,31700.833333333332
1999-08-09,31912.25
1999-08-10,30322.083333333332
1999-08-11,35120.583333333336
1999-08-12,38121.875
1999-08-13,40131.333333333336
1999-08-14,35581.75
1999-08-15,30425.041666666668
1999-08-16,35041.458333333336
1999-08-17,38361.458333333336
1999-08-18,38346.5
1999-08-19,34523.666666666664
1999-08-20,32051.333333333332
1999-08-21,26150.0
1999-08-22,24854.75
1999-08-23,30723.208333333332
1999-08-24,32470.083333333332
1999-08-25,32632.083333333332
1999-08-26,34364.0
1999-08-27,34135.666666666664
1999-08-28,32308.708333333332
1999-08-29,31815.625
1999-08-30,28191.875
1999-08-31,28140.041666666668
1999-09-01,28921.5
1999-09-02,30004.916666666668
1999-09-03,30948.5
1999-09-04,29415.833333333332
1999-09-05,28666.958333333332
1999-09-06,31374.041666666668
1999-09-07,35798.458333333336
1999-09-08,36931.208333333336
1999-09-09,36218.166666666664
1999-09-10,33254.125
1999-09-11,27274.333333333332
1999-09-12,25702.458333333332
1999-09-13,30365.416666666668
1999-09-14,31285.791666666668
1999-09-15,30873.916666666668
1999-09-16,28259.333333333332
1999-09-17,26174.583333333332
1999-09-18,24305.083333333332
1999-09-19,23250.958333333332
1999-09-20,28085.166666666668
1999-09-21,28332.041666666668
1999-09-22,26888.125
1999-09-23,27278.583333333332
1999-09-24,27493.708333333332
1999-09-25,25181.875
1999-09-26,24043.125
1999-09-27,28844.583333333332
1999-09-28,30174.166666666668
1999-09-29,30467.958333333332
1999-09-30,28428.708333333332
1999-10-01,26987.0
1999-10-02,23972.958333333332
1999-10-03,23753.166666666668
1999-10-04,28202.625
1999-10-05,27157.333333333332
1999-10-06,27315.041666666668
1999-10-07,27447.5
1999-10-08,27519.291666666668
1999-10-09,24372.583333333332
1999-10-10,23865.458333333332
1999-10-11,27253.5
1999-10-12,27220.541666666668
1999-10-13,27566.75
1999-10-14,27079.625
1999-10-15,27268.833333333332
1999-10-16,24459.416666666668
1999-10-17,23519.458333333332
1999-10-18,27044.666666666668
1999-10-19,27813.375
1999-10-20,27965.875
1999-10-21,27657.041666666668
1999-10-22,27546.583333333332
1999-10-23,24780.625
1999-10-24,24304.458333333332
1999-10-25,27738.041666666668
1999-10-26,27776.708333333332
1999-10-27,27629.208333333332
1999-10-28,28032.541666666668
1999-10-29,27905.208333333332
1999-10-30,24683.208333333332
1999-10-31,23842.652173913044
1999-11-01,27315.166666666668
1999-11-02,27986.083333333332
1999-11-03,28207.708333333332
1999-11-04,29120.5
1999-11-05,28296.125
1999-11-06,24513.041666666668
1999-11-07,24151.25
1999-11-08,28742.958333333332
1999-11-09,28595.5
1999-11-10,27653.708333333332
1999-11-11,27358.541666666668
1999-11-12,28742.25
1999-11-13,25158.25
1999-11-14,24308.5
1999-11-15,28712.125
1999-11-16,30295.125
1999-11-17,30755.166666666668
1999-11-18,30278.708333333332
1999-11-19,28662.541666666668
1999-11-20,25369.083333333332
1999-11-21,23825.625
1999-11-22,27639.25
1999-11-23,27849.708333333332
1999-11-24,27499.458333333332
1999-11-25,23027.875
1999-11-26,24105.0
1999-11-27,23465.75
1999-11-28,24218.125
1999-11-29,29225.375
1999-11-30,31621.291666666668
1999-12-01,33126.791666666664
1999-12-02,32025.791666666668
1999-12-03,30154.666666666668
1999-12-04,25994.625
1999-12-05,24713.125
1999-12-06,25864.041666666668
1999-12-07,26869.916666666668
1999-12-08,30779.541666666668
1999-12-09,30645.041666666668
1999-12-10,30034.083333333332
1999-12-11,27807.25
1999-12-12,27564.833333333332
1999-12-13,31405.458333333332
1999-12-14,31562.916666666668
1999-12-15,30919.625
1999-12-16,30560.916666666668
1999-12-17,31323.5
1999-12-18,28492.333333333332
1999-12-19,28058.208333333332
1999-12-20,31510.625
1999-12-21,31274.833333333332
1999-12-22,32257.25
1999-12-23,32171.208333333332
1999-12-24,30458.041666666668
1999-12-25,29416.375
1999-12-26,29138.625
1999-12-27,31649.125
1999-12-28,32790.0
1999-12-29,32200.125
1999-12-30,30010.583333333332
1999-12-31,27199.958333333332
2000-01-01,26227.208333333332
2000-01-02,24748.875
2000-01-03,27350.458333333332
2000-01-04,28313.791666666668
2000-01-05,30628.541666666668
2000-01-06,32103.833333333332
2000-01-07,30943.041666666668
2000-01-08,28643.458333333332
2000-01-09,26645.916666666668
2000-01-10,30004.791666666668
2000-01-11,30290.791666666668
2000-01-12,30765.916666666668
2000-01-13,31749.833333333332
2000-01-14,35388.208333333336
2000-01-15,32133.125
2000-01-16,28606.458333333332
2000-01-17,36265.125
2000-01-18,38461.166666666664
2000-01-19,35926.916666666664
2000-01-20,34913.25
2000-01-21,37281.291666666664
2000-01-22,35412.5
2000-01-23,32772.166666666664
2000-01-24,33784.333333333336
2000-01-25,34702.291666666664
2000-01-26,34412.291666666664
2000-01-27,37098.041666666664
2000-01-28,37620.208333333336
2000-01-29,33244.666666666664
2000-01-30,32476.25
2000-01-31,33657.291666666664
2000-02-01,34229.166666666664
2000-02-02,35054.375
2000-02-03,35371.791666666664
2000-02-04,33610.083333333336
2000-02-05,30452.333333333332
2000-02-06,29471.0
2000-02-07,32324.875
2000-02-08,33533.0
2000-02-09,33465.833333333336
2000-02-10,31423.708333333332
2000-02-11,30603.375
2000-02-12,30518.375
2000-02-13,30680.875
2000-02-14,30976.25
2000-02-15,31626.583333333332
2000-02-16,31399.708333333332
2000-02-17,32120.958333333332
2000-02-18,33402.208333333336
2000-02-19,29394.291666666668
2000-02-20,27775.458333333332
2000-02-21,30270.583333333332
2000-02-22,31100.208333333332
2000-02-23,30436.583333333332
2000-02-24,29064.708333333332
2000-02-25,28126.0
2000-02-26,26561.75
2000-02-27,25259.833333333332
2000-02-28,28328.125
2000-02-29,29320.583333333332
2000-03-01,29579.25
2000-03-02,29795.75
2000-03-03,29961.416666666668
2000-03-04,26794.375
2000-03-05,24812.75
2000-03-06,28533.166666666668
2000-03-07,28660.958333333332
2000-03-08,27665.208333333332
2000-03-09,27381.875
2000-03-10,26807.166666666668
2000-03-11,25753.166666666668
2000-03-12,25601.708333333332
2000-03-13,29838.75
2000-03-14,29103.25
2000-03-15,28449.125
2000-03-16,27811.5
2000-03-17,29015.958333333332
2000-03-18,28462.291666666668
2000-03-19,26766.0
2000-03-20,29715.666666666668
2000-03-21,31257.75
2000-03-22,30443.916666666668
2000-03-23,28835.416666666668
2000-03-24,27391.625
2000-03-25,24291.083333333332
2000-03-26,22984.125
2000-03-27,27540.875
2000-03-28,27609.666666666668
2000-03-29,28351.5
2000-03-30,28168.083333333332
2000-03-31,27614.958333333332
2000-04-01,24584.041666666668
2000-04-02,23392.17391304348
2000-04-03,27014.625
2000-04-04,27369.916666666668
2000-04-05,28398.791666666668
2000-04-06,28000.833333333332
2000-04-07,26616.5
2000-04-08,24054.125
2000-04-09,25029.125
2000-04-10,28110.625
2000-04-11,28495.25
2000-04-12,28049.416666666668
2000-04-13,28583.25
2000-04-14,27734.166666666668
2000-04-15,24539.083333333332
2000-04-16,23397.958333333332
2000-04-17,27648.041666666668
2000-04-18,29376.916666666668
2000-04-19,28179.416666666668
2000-04-20,26926.625
2000-04-21,25556.166666666668
2000-04-22,24178.625
2000-04-23,22814.166666666668
2000-04-24,26493.125
2000-04-25,27274.958333333332
2000-04-26,27878.708333333332
2000-04-27,28116.333333333332
2000-04-28,27136.875
2000-04-29,23898.083333333332
2000-04-30,22524.708333333332
2000-05-01,26707.333333333332
2000-05-02,26838.916666666668
2000-05-03,26918.75
2000-05-04,27104.666666666668
2000-05-05,28437.291666666668
2000-05-06,28310.25
2000-05-07,30088.875
2000-05-08,35871.125
2000-05-09,37329.375
2000-05-10,32787.916666666664
2000-05-11,28132.708333333332
2000-05-12,29714.5
2000-05-13,28268.0
2000-05-14,24092.291666666668
2000-05-15,26948.708333333332
2000-05-16,27149.541666666668
2000-05-17,27941.083333333332
2000-05-18,30079.458333333332
2000-05-19,29077.791666666668
2000-05-20,24617.666666666668
2000-05-21,23353.541666666668
2000-05-22,27226.916666666668
2000-05-23,27606.166666666668
2000-05-24,29264.125
2000-05-25,28736.625
2000-05-26,27973.666666666668
2000-05-27,23588.458333333332
2000-05-28,22190.833333333332
2000-05-29,22505.833333333332
2000-05-30,26575.0
2000-05-31,27524.458333333332
2000-06-01,31314.208333333332
2000-06-02,36426.416666666664
2000-06-03,27750.708333333332
2000-06-04,24331.208333333332
2000-06-05,27726.458333333332
2000-06-06,27686.625
2000-06-07,27969.75
2000-06-08,29463.916666666668
2000-06-09,33520.125
2000-06-10,34814.791666666664
2000-06-11,36256.666666666664
2000-06-12,37062.0
2000-06-13,29997.541666666668
2000-06-14,28904.541666666668
2000-06-15,30823.25
2000-06-16,35320.208333333336
2000-06-17,35585.083333333336
2000-06-18,30203.125
2000-06-19,31025.625
2000-06-20,31909.875
2000-06-21,33841.625
2000-06-22,35616.125
2000-06-23,35014.875
2000-06-24,32652.916666666668
2000-06-25,34751.166666666664
2000-06-26,40102.375
2000-06-27,39154.833333333336
2000-06-28,34687.708333333336
2000-06-29,32628.375
2000-06-30,31496.0
2000-07-01,28969.708333333332
2000-07-02,29234.958333333332
2000-07-03,33283.958333333336
2000-07-04,32136.333333333332
2000-07-05,35958.458333333336
2000-07-06,32791.791666666664
2000-07-07,30976.208333333332
2000-07-08,26876.916666666668
2000-07-09,28668.583333333332
2000-07-10,38576.708333333336
2000-07-11,35029.333333333336
2000-07-12,33331.291666666664
2000-07-13,32888.916666666664
2000-07-14,32572.458333333332
2000-07-15,28387.375
2000-07-16,27737.916666666668
2000-07-17,33468.541666666664
2000-07-18,36911.916666666664
2000-07-19,31354.75
2000-07-20,30644.0
2000-07-21,32313.25
2000-07-22,29890.916666666668
2000-07-23,27544.291666666668
2000-07-24,30961.625
2000-07-25,31262.083333333332
2000-07-26,30747.583333333332
2000-07-27,31835.833333333332
2000-07-28,32926.5
2000-07-29,30303.791666666668
2000-07-30,31108.583333333332
2000-07-31,37155.333333333336
2000-08-01,37165.208333333336
2000-08-02,38585.541666666664
2000-08-03,37782.666666666664
2000-08-04,35057.458333333336
2000-08-05,29723.375
2000-08-06,27430.166666666668
2000-08-07,38557.875
2000-08-08,40321.708333333336
2000-08-09,40943.291666666664
2000-08-10,39444.75
2000-08-11,36731.166666666664
2000-08-12,29599.75
2000-08-13,25871.458333333332
2000-08-14,29917.25
2000-08-15,32763.208333333332
2000-08-16,35358.75
2000-08-17,31446.291666666668
2000-08-18,29933.583333333332
2000-08-19,26599.25
2000-08-20,24838.708333333332
2000-08-21,28787.666666666668
2000-08-22,30081.958333333332
2000-08-23,30773.458333333332
2000-08-24,33193.916666666664
2000-08-25,32567.958333333332
2000-08-26,29434.333333333332
2000-08-27,29708.833333333332
2000-08-28,33996.958333333336
2000-08-29,33532.875
2000-08-30,34056.125
2000-08-31,36582.25
2000-09-01,37919.833333333336
2000-09-02,34660.791666666664
2000-09-03,32520.333333333332
2000-09-04,32150.458333333332
2000-09-05,28581.958333333332
2000-09-06,28029.541666666668
2000-09-07,28421.958333333332
2000-09-08,29174.625
2000-09-09,29623.708333333332
2000-09-10,30418.375
2000-09-11,33794.708333333336
2000-09-12,35433.75
2000-09-13,34780.666666666664
2000-09-14,31654.541666666668
2000-09-15,30506.958333333332
2000-09-16,24755.083333333332
2000-09-17,23619.5
2000-09-18,28384.416666666668
2000-09-19,29593.458333333332
2000-09-20,31499.5
2000-09-21,31179.083333333332
2000-09-22,28236.708333333332
2000-09-23,25740.916666666668
2000-09-24,26109.791666666668
2000-09-25,27731.25
2000-09-26,27960.458333333332
2000-09-27,28074.541666666668
2000-09-28,27996.0
2000-09-29,27276.958333333332
2000-09-30,24523.583333333332
2000-10-01,23568.083333333332
2000-10-02,27775.833333333332
2000-10-03,29361.916666666668
2000-10-04,30046.083333333332
2000-10-05,28931.0
2000-10-06,29062.458333333332
2000-10-07,24266.791666666668
2000-10-08,23875.583333333332
2000-10-09,28193.125
2000-10-10,29127.625
2000-10-11,28436.375
2000-10-12,28116.791666666668
2000-10-13,27759.25
2000-10-14,24589.458333333332
2000-10-15,23758.125
2000-10-16,27909.916666666668
2000-10-17,28153.75
2000-10-18,28269.958333333332
2000-10-19,27868.875
2000-10-20,27653.291666666668
2000-10-21,24617.541666666668
2000-10-22,23366.416666666668
2000-10-23,27658.791666666668
2000-10-24,28123.208333333332
2000-10-25,28115.791666666668
2000-10-26,27953.75
2000-10-27,27625.708333333332
2000-10-28,24429.75
2000-10-29,25041.695652173912
2000-10-30,28668.333333333332
2000-10-31,28578.125
2000-11-01,28597.625
2000-11-02,28489.125
2000-11-03,27996.75
2000-11-04,24715.041666666668
2000-11-05,24437.0
2000-11-06,28745.375
2000-11-07,28916.041666666668
2000-11-08,28352.333333333332
2000-11-09,28214.583333333332
2000-11-10,27652.083333333332
2000-11-11,25383.666666666668
2000-11-12,24831.666666666668
2000-11-13,28808.666666666668
2000-11-14,29280.0
2000-11-15,30428.0
2000-11-16,30802.416666666668
2000-11-17,29395.916666666668
2000-11-18,27902.166666666668
2000-11-19,27820.291666666668
2000-11-20,31986.25
2000-11-21,32860.833333333336
2000-11-22,33352.666666666664
2000-11-23,28713.166666666668
2000-11-24,29506.333333333332
2000-11-25,29134.166666666668
2000-11-26,26261.041666666668
2000-11-27,28887.333333333332
2000-11-28,29843.708333333332
2000-11-29,30649.291666666668
2000-11-30,31395.041666666668
2000-12-01,31921.833333333332
2000-12-02,30080.041666666668
2000-12-03,30721.458333333332
2000-12-04,33668.833333333336
2000-12-05,33151.041666666664
2000-12-06,34271.208333333336
2000-12-07,34162.833333333336
2000-12-08,33329.416666666664
2000-12-09,30565.75
2000-12-10,30235.5
2000-12-11,32420.5
2000-12-12,32232.5
2000-12-13,34828.166666666664
2000-12-14,33678.291666666664
2000-12-15,32842.916666666664
2000-12-16,30807.625
2000-12-17,27800.166666666668
2000-12-18,34308.708333333336
2000-12-19,35013.75
2000-12-20,35623.166666666664
2000-12-21,36029.5
2000-12-22,34638.166666666664
2000-12-23,34586.958333333336
2000-12-24,31475.791666666668
2000-12-25,31838.75
2000-12-26,34778.625
2000-12-27,35079.041666666664
2000-12-28,35140.125
2000-12-29,35017.791666666664
2000-12-30,32527.708333333332
2000-12-31,31479.541666666668
2001-01-01,30802.083333333332
2001-01-02,34796.458333333336
2001-01-03,35887.791666666664
2001-01-04,35187.666666666664
2001-01-05,35674.333333333336
2001-01-06,31396.958333333332
2001-01-07,29831.791666666668
2001-01-08,33263.625
2001-01-09,34353.375
2001-01-10,34634.958333333336
2001-01-11,33144.25
2001-01-12,32467.833333333332
2001-01-13,30524.958333333332
2001-01-14,29601.208333333332
2001-01-15,31589.666666666668
2001-01-16,32170.166666666668
2001-01-17,32693.0
2001-01-18,33393.375
2001-01-19,32600.375
2001-01-20,30911.875
2001-01-21,31006.666666666668
2001-01-22,34814.666666666664
2001-01-23,35253.875
2001-01-24,33655.333333333336
2001-01-25,33453.625
2001-01-26,33980.25
2001-01-27,30444.541666666668
2001-01-28,29433.416666666668
2001-01-29,33454.166666666664
2001-01-30,32183.791666666668
2001-01-31,31376.625
2001-02-01,31435.958333333332
2001-02-02,31416.666666666668
2001-02-03,31165.541666666668
2001-02-04,29817.666666666668
2001-02-05,32862.875
2001-02-06,32051.75
2001-02-07,31227.75
2001-02-08,32224.375
2001-02-09,30372.666666666668
2001-02-10,26910.291666666668
2001-02-11,29582.333333333332
2001-02-12,33518.5
2001-02-13,31444.041666666668
2001-02-14,31172.25
2001-02-15,30329.875
2001-02-16,31206.75
2001-02-17,29389.875
2001-02-18,30386.5
2001-02-19,32138.083333333332
2001-02-20,30672.958333333332
2001-02-21,30689.208333333332
2001-02-22,35789.333333333336
2001-02-23,33359.75
2001-02-24,30261.916666666668
2001-02-25,28642.541666666668
2001-02-26,29950.75
2001-02-27,30864.25
2001-02-28,31389.958333333332
2001-03-01,32410.625
2001-03-02,30779.666666666668
2001-03-03,27202.708333333332
2001-03-04,28589.75
2001-03-05,32669.583333333332
2001-03-06,34083.166666666664
2001-03-07,31544.25
2001-03-08,31445.833333333332
2001-03-09,31144.5
2001-03-10,28677.0
2001-03-11,27344.458333333332
2001-03-12,30178.291666666668
2001-03-13,30278.666666666668
2001-03-14,29696.875
2001-03-15,30446.166666666668
2001-03-16,29590.916666666668
2001-03-17,27330.541666666668
2001-03-18,26827.958333333332
2001-03-19,30080.916666666668
2001-03-20,30234.625
2001-03-21,31186.166666666668
2001-03-22,30654.583333333332
2001-03-23,29379.958333333332
2001-03-24,27088.625
2001-03-25,26854.708333333332
2001-03-26,31370.375
2001-03-27,32249.625
2001-03-28,30959.791666666668
2001-03-29,31130.416666666668
2001-03-30,30343.083333333332
2001-03-31,27096.375
2001-04-01,26272.217391304348
2001-04-02,29644.416666666668
2001-04-03,29639.791666666668
2001-04-04,28678.333333333332
2001-04-05,28783.083333333332
2001-04-06,28361.333333333332
2001-04-07,25421.541666666668
2001-04-08,25106.25
2001-04-09,28055.208333333332
2001-04-10,27395.708333333332
2001-04-11,28053.333333333332
2001-04-12,27828.791666666668
2001-04-13,25244.791666666668
2001-04-14,23195.25
2001-04-15,21921.916666666668
2001-04-16,26890.291666666668
2001-04-17,28726.708333333332
2001-04-18,29493.25
2001-04-19,29136.708333333332
2001-04-20,28020.916666666668
2001-04-21,24443.333333333332
2001-04-22,24161.916666666668
2001-04-23,29844.5
2001-04-24,29771.958333333332
2001-04-25,27070.041666666668
2001-04-26,27434.458333333332
2001-04-27,27084.458333333332
2001-04-28,23646.541666666668
2001-04-29,23182.458333333332
2001-04-30,27241.25
2001-05-01,28737.291666666668
2001-05-02,30579.666666666668
2001-05-03,32618.0
2001-05-04,33302.666666666664
2001-05-05,27526.041666666668
2001-05-06,23361.625
2001-05-07,26841.791666666668
2001-05-08,27562.416666666668
2001-05-09,28129.5
2001-05-10,29334.791666666668
2001-05-11,30762.916666666668
2001-05-12,27697.958333333332
2001-05-13,23278.333333333332
2001-05-14,27165.458333333332
2001-05-15,27618.0
2001-05-16,27602.458333333332
2001-05-17,27340.583333333332
2001-05-18,27298.5
2001-05-19,25427.958333333332
2001-05-20,23823.75
2001-05-21,27584.166666666668
2001-05-22,28668.916666666668
2001-05-23,28548.5
2001-05-24,28955.291666666668
2001-05-25,27842.916666666668
2001-05-26,24465.458333333332
2001-05-27,23224.166666666668
2001-05-28,23460.833333333332
2001-05-29,27784.0
2001-05-30,27536.916666666668
2001-05-31,27372.0
2001-06-01,27270.75
2001-06-02,25166.25
2001-06-03,23988.791666666668
2001-06-04,27939.583333333332
2001-06-05,29638.541666666668
2001-06-06,29999.75
2001-06-07,29803.208333333332
2001-06-08,29899.458333333332
2001-06-09,26636.791666666668
2001-06-10,26021.583333333332
2001-06-11,32375.166666666668
2001-06-12,35472.416666666664
2001-06-13,38075.25
2001-06-14,37765.75
2001-06-15,37046.583333333336
2001-06-16,32766.0
2001-06-17,29592.5
2001-06-18,34304.666666666664
2001-06-19,36725.208333333336
2001-06-20,38276.541666666664
2001-06-21,35976.791666666664
2001-06-22,35729.125
2001-06-23,30904.583333333332
2001-06-24,27689.875
2001-06-25,33426.541666666664
2001-06-26,36329.125
2001-06-27,39224.75
2001-06-28,41108.166666666664
2001-06-29,40272.666666666664
2001-06-30,38500.208333333336
2001-07-01,34468.333333333336
2001-07-02,29115.958333333332
2001-07-03,28780.375
2001-07-04,28612.5
2001-07-05,33057.166666666664
2001-07-06,29674.833333333332
2001-07-07,27483.333333333332
2001-07-08,28138.375
2001-07-09,36630.0
2001-07-10,38085.333333333336
2001-07-11,35270.666666666664
2001-07-12,32120.958333333332
2001-07-13,31007.333333333332
2001-07-14,27921.791666666668
2001-07-15,27993.958333333332
2001-07-16,34648.583333333336
2001-07-17,37855.416666666664
2001-07-18,35425.125
2001-07-19,33832.666666666664
2001-07-20,32735.041666666668
2001-07-21,29987.75
2001-07-22,29898.291666666668
2001-07-23,38050.833333333336
2001-07-24,42100.416666666664
2001-07-25,44072.958333333336
2001-07-26,37882.833333333336
2001-07-27,31526.166666666668
2001-07-28,27797.0
2001-07-29,25831.583333333332
2001-07-30,30744.041666666668
2001-07-31,32479.458333333332
2001-08-01,34737.125
2001-08-02,36490.958333333336
2001-08-03,36631.25
2001-08-04,33568.708333333336
2001-08-05,33878.458333333336
2001-08-06,41623.75
2001-08-07,43923.708333333336
2001-08-08,45165.291666666664
2001-08-09,45610.041666666664
2001-08-10,43845.958333333336
2001-08-11,34387.791666666664
2001-08-12,31744.5
2001-08-13,36749.666666666664
2001-08-14,36545.75
2001-08-15,35821.541666666664
2001-08-16,35999.75
2001-08-17,37349.958333333336
2001-08-18,32719.75
2001-08-19,31240.25
2001-08-20,37408.75
2001-08-21,35401.041666666664
2001-08-22,35425.416666666664
2001-08-23,35048.625
2001-08-24,35122.916666666664
2001-08-25,30992.291666666668
2001-08-26,29369.791666666668
2001-08-27,36880.291666666664
2001-08-28,37702.166666666664
2001-08-29,36292.708333333336
2001-08-30,35402.416666666664
2001-08-31,37276.708333333336
2001-09-01,30513.208333333332
2001-09-02,25029.5
2001-09-03,26092.125
2001-09-04,32925.0
2001-09-05,32084.166666666668
2001-09-06,30810.5
2001-09-07,31747.041666666668
2001-09-08,30253.666666666668
2001-09-09,30623.958333333332
2001-09-10,35997.083333333336
2001-09-11,32057.291666666668
2001-09-12,31039.291666666668
2001-09-13,32049.333333333332
2001-09-14,28657.125
2001-09-15,24374.25
2001-09-16,23807.666666666668
2001-09-17,28369.666666666668
2001-09-18,28984.291666666668
2001-09-19,29691.0
2001-09-20,30404.666666666668
2001-09-21,31061.625
2001-09-22,28575.0
2001-09-23,27263.666666666668
2001-09-24,31848.25
2001-09-25,29820.041666666668
2001-09-26,27479.333333333332
2001-09-27,27414.875
2001-09-28,27051.333333333332
2001-09-29,24190.875
2001-09-30,23577.166666666668
2001-10-01,27378.833333333332
2001-10-02,28117.166666666668
2001-10-03,28904.458333333332
2001-10-04,29455.875
2001-10-05,28690.166666666668
2001-10-06,24819.291666666668
2001-10-07,23455.0
2001-10-08,27629.583333333332
2001-10-09,28638.25
2001-10-10,28199.25
2001-10-11,28220.875
2001-10-12,27789.375
2001-10-13,25111.041666666668
2001-10-14,24102.916666666668
2001-10-15,27507.291666666668
2001-10-16,27901.541666666668
2001-10-17,27898.0
2001-10-18,28398.791666666668
2001-10-19,28024.791666666668
2001-10-20,24483.125
2001-10-21,23533.583333333332
2001-10-22,28060.25
2001-10-23,28455.875
2001-10-24,29600.125
2001-10-25,28901.75
2001-10-26,27405.333333333332
2001-10-27,25684.0
2001-10-28,25409.391304347828
2001-10-29,29029.458333333332
2001-10-30,28397.208333333332
2001-10-31,28476.041666666668
2001-11-01,28117.375
2001-11-02,27896.708333333332
2001-11-03,24659.416666666668
2001-11-04,23625.375
2001-11-05,27992.791666666668
2001-11-06,28479.0
2001-11-07,27926.875
2001-11-08,27602.125
2001-11-09,27388.583333333332
2001-11-10,25637.375
2001-11-11,24091.083333333332
2001-11-12,28878.5
2001-11-13,29495.958333333332
2001-11-14,29168.958333333332
2001-11-15,28728.166666666668
2001-11-16,27582.25
2001-11-17,24947.125
2001-11-18,25234.291666666668
2001-11-19,28430.0
2001-11-20,29027.375
2001-11-21,30048.541666666668
2001-11-22,25268.916666666668
2001-11-23,25600.125
2001-11-24,24728.375
2001-11-25,23928.541666666668
2001-11-26,27038.916666666668
2001-11-27,28736.125
2001-11-28,28437.875
2001-11-29,28832.0
2001-11-30,28513.958333333332
2001-12-01,25147.708333333332
2001-12-02,25250.125
2001-12-03,29622.708333333332
2001-12-04,29444.583333333332
2001-12-05,28704.458333333332
2001-12-06,28589.5
2001-12-07,28257.666666666668
2001-12-08,27479.083333333332
2001-12-09,26748.041666666668
2001-12-10,31430.708333333332
2001-12-11,30439.125
2001-12-12,31111.25
2001-12-13,30350.833333333332
2001-12-14,29460.541666666668
2001-12-15,27140.791666666668
2001-12-16,28176.416666666668
2001-12-17,30957.333333333332
2001-12-18,30445.875
2001-12-19,30747.875
2001-12-20,31572.208333333332
2001-12-21,31689.0
2001-12-22,29485.583333333332
2001-12-23,28050.333333333332
2001-12-24,27258.333333333332
2001-12-25,27440.291666666668
2001-12-26,30988.416666666668
2001-12-27,33092.583333333336
2001-12-28,32489.875
2001-12-29,30068.25
2001-12-30,30958.833333333332
2001-12-31,32605.333333333332
2002-01-01,31569.0
